Date;Price;Change %
12/31/2024;7.2994;0.00%
12/30/2024;7.2994;0.01%
12/27/2024;7.2985;0.00%
12/26/2024;7.2982;0.00%
12/25/2024;7.2982;0.04%
12/24/2024;7.2953;-0.04%
12/23/2024;7.2984;0.02%
12/20/2024;7.2966;-0.01%
12/19/2024;7.297;0.14%
12/18/2024;7.2867;0.03%
12/17/2024;7.2847;0.01%
12/16/2024;7.284;0.11%
12/13/2024;7.2763;0.09%
12/12/2024;7.27;0.11%
12/11/2024;7.2618;0.16%
12/10/2024;7.2504;-0.14%
12/9/2024;7.2607;-0.15%
12/6/2024;7.2714;0.15%
12/5/2024;7.2602;-0.07%
12/4/2024;7.2651;-0.29%
12/3/2024;7.2864;0.20%
12/2/2024;7.2722;0.40%
11/29/2024;7.2429;-0.02%
11/28/2024;7.2445;-0.03%
11/27/2024;7.2467;-0.07%
11/26/2024;7.2521;0.17%
11/25/2024;7.2398;-0.08%
11/22/2024;7.2458;0.11%
11/21/2024;7.2375;-0.12%
11/20/2024;7.2461;0.09%
11/19/2024;7.2393;0.03%
11/18/2024;7.2373;0.07%
11/15/2024;7.2324;0.04%
11/14/2024;7.2295;0.05%
11/13/2024;7.2256;-0.10%
11/12/2024;7.2328;0.25%
11/11/2024;7.215;0.50%
11/8/2024;7.179;0.52%
11/7/2024;7.1416;-0.51%
11/6/2024;7.1783;1.03%
11/5/2024;7.1051;0.08%
11/4/2024;7.0996;-0.32%
11/1/2024;7.1224;0.06%
10/31/2024;7.1182;0.04%
10/30/2024;7.1155;-0.21%
10/29/2024;7.1306;0.07%
10/28/2024;7.1257;0.07%
10/25/2024;7.1206;0.01%
10/24/2024;7.1199;-0.08%
10/23/2024;7.1259;0.04%
10/22/2024;7.1233;0.05%
10/21/2024;7.1195;0.24%
10/18/2024;7.1023;-0.30%
10/17/2024;7.1238;0.06%
10/16/2024;7.1195;0.00%
10/15/2024;7.1196;0.45%
10/14/2024;7.0875;0.29%
10/11/2024;7.0668;-0.18%
10/10/2024;7.0798;-0.02%
10/9/2024;7.0809;0.29%
10/8/2024;7.0601;0.59%
10/7/2024;7.0185;0.00%
10/4/2024;7.0185;0.00%
10/3/2024;7.0185;0.00%
10/2/2024;7.0185;0.00%
10/1/2024;7.0185;0.00%
09/30/2024;7.0185;0.11%
09/27/2024;7.0111;0.00%
09/26/2024;7.0111;-0.30%
09/25/2024;7.0323;0.01%
09/24/2024;7.0319;-0.28%
09/23/2024;7.0516;0.00%
09/20/2024;7.0513;-0.23%
09/19/2024;7.0679;-0.20%
09/18/2024;7.0819;-0.17%
09/17/2024;7.0937;0.00%
09/16/2024;7.0937;0.00%
09/13/2024;7.0937;-0.34%
9/12/2024;7.1176;-0.03%
9/11/2024;7.1196;-0.02%
9/10/2024;7.1208;0.10%
9/9/2024;7.1138;0.35%
9/6/2024;7.0888;-0.06%
9/5/2024;7.0931;-0.27%
9/4/2024;7.1125;-0.12%
9/3/2024;7.1214;0.05%
9/2/2024;7.1175;0.38%
08/30/2024;7.0908;-0.10%
08/29/2024;7.0976;-0.39%
08/28/2024;7.1256;0.01%
08/27/2024;7.1248;0.04%
08/26/2024;7.122;-0.04%
08/23/2024;7.125;-0.28%
08/22/2024;7.1448;0.14%
08/21/2024;7.1347;0.03%
08/20/2024;7.1328;-0.10%
08/19/2024;7.14;-0.35%
08/16/2024;7.1649;-0.14%
08/15/2024;7.1747;0.50%
08/14/2024;7.1387;-0.24%
08/13/2024;7.1556;-0.27%
8/12/2024;7.175;0.11%
8/9/2024;7.1673;-0.12%
8/8/2024;7.1762;-0.01%
8/7/2024;7.1769;0.28%
8/6/2024;7.157;0.37%
8/5/2024;7.1303;-0.42%
8/2/2024;7.1603;-1.16%
8/1/2024;7.2444;0.34%
07/31/2024;7.2198;-0.43%
07/30/2024;7.2512;-0.12%
07/29/2024;7.2601;0.12%
07/26/2024;7.2511;0.27%
07/25/2024;7.2316;-0.43%
07/24/2024;7.2629;-0.16%
07/23/2024;7.2749;0.02%
07/22/2024;7.2737;0.06%
07/19/2024;7.2697;0.13%
07/18/2024;7.2605;-0.01%
07/17/2024;7.2614;-0.10%
07/16/2024;7.2686;0.12%
07/15/2024;7.2599;0.13%
7/12/2024;7.2504;-0.10%
7/11/2024;7.2579;-0.25%
7/10/2024;7.2761;0.05%
7/9/2024;7.2726;0.05%
7/8/2024;7.2687;0.00%
7/5/2024;7.2684;0.00%
7/4/2024;7.2682;-0.03%
7/3/2024;7.2703;-0.01%
7/2/2024;7.2713;0.04%
7/1/2024;7.2684;0.02%
06/28/2024;7.2673;-0.02%
06/27/2024;7.2689;0.03%
06/26/2024;7.2667;0.05%
06/25/2024;7.263;0.05%
06/24/2024;7.2592;-0.02%
06/21/2024;7.261;0.01%
06/20/2024;7.2605;0.05%
06/19/2024;7.257;0.03%
06/18/2024;7.2545;-0.02%
06/17/2024;7.2562;0.01%
06/14/2024;7.2558;0.05%
06/13/2024;7.2525;0.18%
6/12/2024;7.2398;-0.20%
6/11/2024;7.2545;0.09%
6/10/2024;7.2478;0.00%
6/7/2024;7.2478;0.04%
6/6/2024;7.2451;-0.04%
6/5/2024;7.2477;0.11%
6/4/2024;7.2398;-0.03%
6/3/2024;7.2423;0.01%
05/31/2024;7.2418;0.13%
05/30/2024;7.2326;-0.23%
05/29/2024;7.2492;0.06%
05/28/2024;7.245;0.01%
05/27/2024;7.2445;0.02%
05/24/2024;7.243;0.02%
05/23/2024;7.2419;0.01%
05/22/2024;7.2413;0.05%
05/21/2024;7.2379;0.04%
05/20/2024;7.2351;0.15%
05/17/2024;7.2243;0.07%
05/16/2024;7.2191;-0.01%
05/15/2024;7.2195;-0.20%
05/14/2024;7.2337;0.01%
05/13/2024;7.2329;0.08%
5/10/2024;7.2268;0.07%
5/9/2024;7.2214;-0.05%
5/8/2024;7.225;0.09%
5/7/2024;7.2187;0.14%
5/6/2024;7.2089;-0.44%
5/3/2024;7.2411;0.00%
5/2/2024;7.2411;0.00%
5/1/2024;7.2411;0.00%
04/30/2024;7.2411;0.12%
04/29/2024;7.2322;-0.20%
04/26/2024;7.2465;0.09%
04/25/2024;7.2399;-0.09%
04/24/2024;7.2461;0.01%
04/23/2024;7.2453;0.02%
04/22/2024;7.2435;0.04%
04/19/2024;7.2404;0.02%
04/18/2024;7.2387;0.00%
04/17/2024;7.2389;0.02%
04/16/2024;7.2378;-0.01%
04/15/2024;7.2382;0.01%
4/12/2024;7.2374;0.00%
4/11/2024;7.2374;0.04%
4/10/2024;7.2343;0.03%
4/9/2024;7.2323;0.02%
4/8/2024;7.2309;-0.04%
4/5/2024;7.2338;0.00%
4/4/2024;7.2338;0.00%
4/3/2024;7.2338;0.01%
4/2/2024;7.233;0.03%
4/1/2024;7.2308;0.13%
03/29/2024;7.2213;-0.08%
03/28/2024;7.227;0.00%
03/27/2024;7.2273;0.12%
03/26/2024;7.2183;0.10%
03/25/2024;7.2112;-0.25%
03/22/2024;7.2295;0.42%
03/21/2024;7.1995;0.00%
03/20/2024;7.1994;0.00%
03/19/2024;7.1994;0.02%
03/18/2024;7.1983;0.03%
03/15/2024;7.196;0.03%
03/14/2024;7.1939;0.10%
03/13/2024;7.1868;0.08%
3/12/2024;7.181;-0.03%
3/11/2024;7.183;-0.04%
3/8/2024;7.186;-0.10%
3/7/2024;7.1929;-0.07%
3/6/2024;7.1979;0.02%
3/5/2024;7.1968;-0.03%
3/4/2024;7.199;0.03%
3/1/2024;7.1968;0.11%
02/29/2024;7.1887;-0.13%
02/28/2024;7.198;0.00%
02/27/2024;7.1979;0.00%
02/26/2024;7.1976;0.02%
02/23/2024;7.1959;0.02%
02/22/2024;7.1947;0.07%
02/21/2024;7.1898;-0.03%
02/20/2024;7.1919;-0.09%
02/19/2024;7.1982;0.06%
02/16/2024;7.1936;0.00%
02/15/2024;7.1936;0.00%
02/14/2024;7.1936;0.00%
02/13/2024;7.1936;0.00%
2/12/2024;7.1936;0.00%
2/9/2024;7.1936;-0.04%
2/8/2024;7.1968;0.03%
2/7/2024;7.195;0.05%
2/6/2024;7.1913;-0.10%
2/5/2024;7.1985;0.08%
2/2/2024;7.1925;0.17%
2/1/2024;7.1802;0.17%
01/31/2024;7.1678;-0.12%
01/30/2024;7.1763;-0.06%
01/29/2024;7.1807;0.05%
01/26/2024;7.1774;0.11%
01/25/2024;7.1698;0.24%
01/24/2024;7.1528;-0.29%
01/23/2024;7.1733;-0.27%
01/22/2024;7.1929;-0.01%
01/19/2024;7.1935;-0.04%
01/18/2024;7.1963;0.00%
01/17/2024;7.1963;0.07%
01/16/2024;7.1911;0.27%
01/15/2024;7.1716;0.05%
1/12/2024;7.1678;-0.01%
1/11/2024;7.1685;-0.04%
1/10/2024;7.1716;0.04%
1/9/2024;7.1687;0.20%
1/8/2024;7.1545;0.19%
1/5/2024;7.1412;-0.26%
1/4/2024;7.1595;0.13%
1/3/2024;7.1505;0.09%
1/2/2024;7.1441;0.62%
1/1/2024;7.0999;0.00%
12/29/2023;7.0999;-0.13%
12/28/2023;7.1088;-0.45%
12/27/2023;7.141;-0.03%
12/26/2023;7.1434;0.10%
12/25/2023;7.1365;0.04%
12/22/2023;7.1333;-0.08%
12/21/2023;7.1391;0.04%
12/20/2023;7.1363;0.09%
12/19/2023;7.1297;-0.06%
12/18/2023;7.134;0.22%
12/15/2023;7.1184;0.12%
12/14/2023;7.1102;-0.88%
12/13/2023;7.173;-0.05%
12/12/2023;7.1766;0.01%
12/11/2023;7.176;0.14%
12/8/2023;7.1661;0.21%
12/7/2023;7.151;-0.12%
12/6/2023;7.1596;0.17%
12/5/2023;7.1472;0.06%
12/4/2023;7.143;0.04%
12/1/2023;7.1399;0.05%
11/30/2023;7.1363;0.07%
11/29/2023;7.131;-0.23%
11/28/2023;7.1473;-0.08%
11/27/2023;7.153;0.05%
11/24/2023;7.1497;0.04%
11/23/2023;7.147;-0.13%
11/22/2023;7.1564;0.26%
11/21/2023;7.1376;-0.44%
11/20/2023;7.1693;-0.59%
11/17/2023;7.2119;-0.43%
11/16/2023;7.2427;-0.06%
11/15/2023;7.2468;-0.10%
11/14/2023;7.2538;-0.49%
11/13/2023;7.2893;0.00%
11/10/2023;7.2894;0.08%
11/9/2023;7.2838;0.05%
11/8/2023;7.2804;0.01%
11/7/2023;7.2799;0.13%
11/6/2023;7.2703;-0.42%
11/3/2023;7.3013;-0.21%
11/2/2023;7.3164;-0.02%
11/1/2023;7.3177;0.02%
10/31/2023;7.3165;0.04%
10/30/2023;7.3134;-0.05%
10/27/2023;7.3174;0.02%
10/26/2023;7.3158;-0.02%
10/25/2023;7.3173;0.10%
10/24/2023;7.31;-0.08%
10/23/2023;7.3159;-0.01%
10/20/2023;7.3164;0.04%
10/19/2023;7.3135;-0.03%
10/18/2023;7.3155;0.04%
10/17/2023;7.3128;0.02%
10/16/2023;7.3111;0.07%
10/13/2023;7.306;0.04%
10/12/2023;7.3028;0.04%
10/11/2023;7.3001;0.06%
10/10/2023;7.2958;0.05%
10/9/2023;7.2923;-0.13%
10/6/2023;7.3015;0.00%
10/5/2023;7.3015;0.00%
10/4/2023;7.3015;0.00%
10/3/2023;7.3015;0.00%
10/2/2023;7.3015;0.00%
09/29/2023;7.3015;0.00%
09/28/2023;7.3015;-0.13%
09/27/2023;7.311;0.00%
09/26/2023;7.3113;-0.01%
09/25/2023;7.3119;0.18%
09/22/2023;7.2985;-0.13%
09/21/2023;7.3078;0.27%
09/20/2023;7.2879;-0.13%
09/19/2023;7.2974;0.08%
09/18/2023;7.2918;0.23%
09/15/2023;7.2749;-0.04%
09/14/2023;7.278;0.10%
09/13/2023;7.2709;-0.29%
9/12/2023;7.2918;0.03%
9/11/2023;7.2894;-0.74%
9/8/2023;7.344;0.20%
9/7/2023;7.3293;0.17%
9/6/2023;7.3172;0.17%
9/5/2023;7.3046;0.43%
9/4/2023;7.2732;0.16%
9/1/2023;7.2616;0.04%
08/31/2023;7.2589;-0.36%
08/30/2023;7.2852;0.06%
08/29/2023;7.2807;-0.13%
08/28/2023;7.2905;0.01%
08/25/2023;7.29;0.15%
08/24/2023;7.2792;0.01%
08/23/2023;7.2786;-0.22%
08/22/2023;7.2943;0.09%
08/21/2023;7.2878;0.08%
08/18/2023;7.2817;-0.13%
08/17/2023;7.2915;-0.10%
08/16/2023;7.2986;0.21%
08/15/2023;7.2831;0.32%
08/14/2023;7.2598;0.30%
8/11/2023;7.2383;0.28%
8/10/2023;7.218;0.11%
8/9/2023;7.21;-0.11%
8/8/2023;7.2177;0.34%
8/7/2023;7.1931;0.31%
8/4/2023;7.1708;0.06%
8/3/2023;7.1663;-0.35%
8/2/2023;7.1916;0.19%
8/1/2023;7.1778;0.49%
07/31/2023;7.1428;-0.09%
07/28/2023;7.1494;-0.35%
07/27/2023;7.1742;0.32%
07/26/2023;7.151;0.20%
07/25/2023;7.1364;-0.70%
07/24/2023;7.1865;-0.02%
07/21/2023;7.1878;0.14%
07/20/2023;7.1776;-0.68%
07/19/2023;7.227;0.65%
07/18/2023;7.1802;0.11%
07/17/2023;7.1721;0.43%
07/14/2023;7.1413;-0.14%
07/13/2023;7.151;-0.21%
7/12/2023;7.1663;-0.61%
7/11/2023;7.2102;-0.30%
7/10/2023;7.232;0.15%
7/7/2023;7.2212;-0.40%
7/6/2023;7.2505;0.04%
7/5/2023;7.2475;0.46%
7/4/2023;7.2145;-0.36%
7/3/2023;7.2408;-0.16%
06/30/2023;7.2523;0.00%
06/29/2023;7.2525;0.11%
06/28/2023;7.2445;0.34%
06/27/2023;7.2202;-0.24%
06/26/2023;7.2376;0.81%
06/23/2023;7.1795;0.00%
06/22/2023;7.1795;0.00%
06/21/2023;7.1795;-0.03%
06/20/2023;7.1815;0.28%
06/19/2023;7.1615;0.49%
06/16/2023;7.1266;0.08%
06/15/2023;7.121;-0.60%
06/14/2023;7.1638;-0.06%
06/13/2023;7.1681;0.31%
6/12/2023;7.1456;0.24%
6/9/2023;7.1286;0.23%
6/8/2023;7.1122;-0.24%
6/7/2023;7.1293;0.14%
6/6/2023;7.1195;0.24%
6/5/2023;7.1025;0.25%
6/2/2023;7.0848;-0.14%
6/1/2023;7.0945;-0.24%
05/31/2023;7.1117;0.45%
05/30/2023;7.08;0.10%
05/29/2023;7.073;0.12%
05/26/2023;7.0647;-0.20%
05/25/2023;7.0789;0.25%
05/24/2023;7.0609;0.06%
05/23/2023;7.0566;0.30%
05/22/2023;7.0358;0.40%
05/19/2023;7.0079;-0.40%
05/18/2023;7.0358;0.53%
05/17/2023;6.9986;0.29%
05/16/2023;6.9787;0.38%
05/15/2023;6.9525;-0.08%
5/12/2023;6.9583;0.14%
5/11/2023;6.9488;0.22%
5/10/2023;6.9333;0.18%
5/9/2023;6.9205;0.12%
5/8/2023;6.9125;0.03%
5/5/2023;6.9105;0.06%
5/4/2023;6.9067;-0.08%
5/3/2023;6.9121;0.00%
5/2/2023;6.9121;0.00%
5/1/2023;6.9121;0.00%
04/28/2023;6.9121;-0.17%
04/27/2023;6.9238;-0.04%
04/26/2023;6.9268;-0.09%
04/25/2023;6.9327;0.53%
04/24/2023;6.8964;0.04%
04/21/2023;6.8935;0.30%
04/20/2023;6.8732;-0.18%
04/19/2023;6.8858;0.14%
04/18/2023;6.876;-0.06%
04/17/2023;6.8798;0.12%
04/14/2023;6.8714;0.05%
04/13/2023;6.8683;-0.09%
4/12/2023;6.8748;-0.18%
4/11/2023;6.887;0.08%
4/10/2023;6.8816;0.16%
4/7/2023;6.8703;-0.08%
4/6/2023;6.8758;-0.06%
4/5/2023;6.8798;0.00%
4/4/2023;6.8798;0.02%
4/3/2023;6.8783;0.14%
03/31/2023;6.869;-0.04%
03/30/2023;6.8719;-0.22%
03/29/2023;6.8871;0.18%
03/28/2023;6.875;-0.15%
03/27/2023;6.8851;0.25%
03/24/2023;6.868;0.71%
03/23/2023;6.8199;-0.88%
03/22/2023;6.8807;-0.06%
03/21/2023;6.8845;0.09%
03/20/2023;6.8785;-0.12%
03/17/2023;6.8867;-0.17%
03/16/2023;6.8983;-0.13%
03/15/2023;6.9074;0.52%
03/14/2023;6.8715;0.37%
03/13/2023;6.8465;-0.87%
3/10/2023;6.9063;-0.84%
3/9/2023;6.9648;0.19%
3/8/2023;6.9516;-0.16%
3/7/2023;6.9628;0.47%
3/6/2023;6.93;0.33%
3/3/2023;6.9074;-0.11%
3/2/2023;6.9153;0.67%
3/1/2023;6.8691;-0.93%
02/28/2023;6.9334;-0.17%
02/27/2023;6.945;-0.16%
02/24/2023;6.9563;0.70%
02/23/2023;6.9081;0.23%
02/22/2023;6.8923;0.27%
02/21/2023;6.8735;0.27%
02/20/2023;6.8552;-0.18%
02/17/2023;6.8676;0.10%
02/16/2023;6.8606;0.11%
02/15/2023;6.853;0.38%
02/14/2023;6.8269;0.06%
02/13/2023;6.8231;0.20%
2/10/2023;6.8095;0.43%
2/9/2023;6.7806;-0.13%
2/8/2023;6.7891;-0.05%
2/7/2023;6.7927;-0.04%
2/6/2023;6.7954;0.30%
2/3/2023;6.7749;0.63%
2/2/2023;6.7323;-0.14%
2/1/2023;6.7419;-0.19%
01/31/2023;6.7547;0.08%
01/30/2023;6.7495;-0.52%
01/27/2023;6.7845;0.00%
01/26/2023;6.7845;0.00%
01/25/2023;6.7845;0.00%
01/24/2023;6.7845;0.00%
01/23/2023;6.7845;0.00%
01/20/2023;6.7845;0.11%
01/19/2023;6.7769;0.42%
01/18/2023;6.7485;-0.37%
01/17/2023;6.7739;0.60%
01/16/2023;6.7336;0.46%
01/13/2023;6.703;-0.53%
1/12/2023;6.7388;-0.47%
1/11/2023;6.7705;-0.12%
1/10/2023;6.7785;0.09%
1/9/2023;6.7725;-0.97%
1/6/2023;6.8385;-0.63%
1/5/2023;6.882;-0.10%
1/4/2023;6.8888;-0.38%
1/3/2023;6.915;0.24%
1/2/2023;6.8986;0.00%
12/30/2022;6.8986;-0.94%
12/29/2022;6.9638;-0.21%
12/28/2022;6.9787;0.27%
12/27/2022;6.9601;-0.03%
12/26/2022;6.9622;-0.40%
12/23/2022;6.9899;0.08%
12/22/2022;6.9845;0.04%
12/21/2022;6.9815;0.28%
12/20/2022;6.9619;-0.26%
12/19/2022;6.9797;0.09%
12/16/2022;6.9733;-0.01%
12/15/2022;6.9738;0.33%
12/14/2022;6.9509;0.09%
12/13/2022;6.9445;-0.47%
12/12/2022;6.9776;0.28%
12/9/2022;6.9584;-0.13%
12/8/2022;6.9674;-0.06%
12/7/2022;6.9718;-0.35%
12/6/2022;6.996;0.49%
12/5/2022;6.962;-0.82%
12/2/2022;7.0195;-0.35%
12/1/2022;7.0445;-0.68%
11/30/2022;7.0925;-0.93%
11/29/2022;7.1593;-0.68%
11/28/2022;7.2082;0.60%
11/25/2022;7.1654;0.19%
11/24/2022;7.152;-0.12%
11/23/2022;7.1605;0.29%
11/22/2022;7.1399;-0.35%
11/21/2022;7.1653;0.64%
11/18/2022;7.1196;-0.52%
11/17/2022;7.1565;0.95%
11/16/2022;7.0889;0.63%
11/15/2022;7.0445;-0.42%
11/14/2022;7.074;-0.48%
11/11/2022;7.1083;-1.10%
11/10/2022;7.187;-0.76%
11/9/2022;7.2419;-0.10%
11/8/2022;7.2493;0.27%
11/7/2022;7.2296;0.62%
11/4/2022;7.1851;-1.59%
11/3/2022;7.3015;0.16%
11/2/2022;7.29;0.17%
11/1/2022;7.2775;-0.35%
10/31/2022;7.3029;0.69%
10/28/2022;7.2525;0.33%
10/27/2022;7.229;0.78%
10/26/2022;7.173;-1.33%
10/25/2022;7.2694;0.09%
10/24/2022;7.263;0.27%
10/21/2022;7.2438;0.37%
10/20/2022;7.2168;-0.17%
10/19/2022;7.2288;0.37%
10/18/2022;7.2021;0.08%
10/17/2022;7.1965;0.08%
10/14/2022;7.191;0.28%
10/13/2022;7.1706;-0.06%
10/12/2022;7.1748;0.13%
10/11/2022;7.1655;0.15%
10/10/2022;7.1546;0.54%
10/7/2022;7.116;0.00%
10/6/2022;7.116;0.00%
10/5/2022;7.116;0.00%
10/4/2022;7.116;0.00%
10/3/2022;7.116;0.00%
09/30/2022;7.116;-0.13%
09/29/2022;7.125;-1.05%
09/28/2022;7.2005;0.31%
09/27/2022;7.1779;0.62%
09/26/2022;7.1338;0.08%
09/23/2022;7.1284;0.71%
09/22/2022;7.0781;0.41%
09/21/2022;7.049;0.44%
09/20/2022;7.0183;0.17%
09/19/2022;7.0067;0.38%
09/16/2022;6.98;-0.21%
09/15/2022;6.9945;0.47%
09/14/2022;6.9621;0.53%
09/13/2022;6.9255;-0.01%
9/12/2022;6.9265;0.00%
9/9/2022;6.9265;-0.45%
9/8/2022;6.9576;-0.12%
9/7/2022;6.9662;0.17%
9/6/2022;6.9545;0.29%
9/5/2022;6.9341;0.49%
9/2/2022;6.9;-0.10%
9/1/2022;6.907;0.24%
08/31/2022;6.8904;-0.31%
08/30/2022;6.9119;0.06%
08/29/2022;6.9081;0.53%
08/26/2022;6.8718;0.33%
08/25/2022;6.8493;-0.15%
08/24/2022;6.8596;0.36%
08/23/2022;6.8351;-0.20%
08/22/2022;6.8486;0.47%
08/19/2022;6.8167;0.45%
08/18/2022;6.7861;0.08%
08/17/2022;6.781;-0.11%
08/16/2022;6.7883;0.22%
08/15/2022;6.7735;0.46%
8/12/2022;6.7428;-0.03%
8/11/2022;6.7448;0.31%
8/10/2022;6.7238;-0.43%
8/9/2022;6.7527;0.03%
8/8/2022;6.7506;-0.17%
8/5/2022;6.7619;0.19%
8/4/2022;6.7493;-0.12%
8/3/2022;6.7573;0.07%
8/2/2022;6.7525;-0.24%
8/1/2022;6.7688;0.36%
07/29/2022;6.7442;-0.05%
07/28/2022;6.7473;-0.17%
07/27/2022;6.7585;-0.07%
07/26/2022;6.7633;0.18%
07/25/2022;6.751;-0.01%
07/22/2022;6.7515;-0.23%
07/21/2022;6.7668;0.16%
07/20/2022;6.7559;0.17%
07/19/2022;6.7445;0.02%
07/18/2022;6.7433;-0.21%
07/15/2022;6.7575;0.02%
07/14/2022;6.7561;0.56%
07/13/2022;6.7187;-0.09%
7/12/2022;6.7248;0.10%
7/11/2022;6.7183;0.34%
7/8/2022;6.6953;-0.10%
7/7/2022;6.702;-0.09%
7/6/2022;6.708;-0.18%
7/5/2022;6.7199;0.30%
7/4/2022;6.7;-0.02%
7/1/2022;6.7015;0.03%
06/30/2022;6.6993;-0.01%
06/29/2022;6.7;-0.12%
06/28/2022;6.7081;0.24%
06/27/2022;6.6918;0.03%
06/24/2022;6.6898;-0.13%
06/23/2022;6.6985;-0.06%
06/22/2022;6.7023;0.19%
06/21/2022;6.6895;-0.04%
06/20/2022;6.6925;-0.36%
06/17/2022;6.7167;0.20%
06/16/2022;6.7035;-0.16%
06/15/2022;6.7141;-0.40%
06/14/2022;6.741;-0.20%
06/13/2022;6.7546;0.68%
6/10/2022;6.7089;0.25%
6/9/2022;6.6923;0.13%
6/8/2022;6.6838;0.20%
6/7/2022;6.6703;0.24%
6/6/2022;6.654;-0.09%
6/3/2022;6.6603;0.00%
6/2/2022;6.6603;-0.39%
6/1/2022;6.6864;0.22%
05/31/2022;6.672;0.17%
05/30/2022;6.6606;-0.57%
05/27/2022;6.6986;-0.60%
05/26/2022;6.7389;0.69%
05/25/2022;6.6928;0.59%
05/24/2022;6.6538;0.05%
05/23/2022;6.6508;-0.63%
05/20/2022;6.693;-0.29%
05/19/2022;6.7125;-0.62%
05/18/2022;6.7545;0.25%
05/17/2022;6.7377;-0.71%
05/16/2022;6.7862;-0.04%
05/13/2022;6.789;0.03%
5/12/2022;6.787;0.98%
5/11/2022;6.7211;-0.20%
5/10/2022;6.7347;0.06%
5/9/2022;6.7308;0.96%
5/6/2022;6.6666;0.16%
5/5/2022;6.6558;0.72%
5/4/2022;6.6085;0.00%
5/3/2022;6.6085;0.00%
5/2/2022;6.6085;0.00%
04/29/2022;6.6085;-0.26%
04/28/2022;6.626;1.00%
04/27/2022;6.5606;0.06%
04/26/2022;6.5566;-0.04%
04/25/2022;6.5594;0.89%
04/22/2022;6.5013;0.79%
04/21/2022;6.4506;0.49%
04/20/2022;6.4192;0.40%
04/19/2022;6.3935;0.42%
04/18/2022;6.367;-0.07%
04/15/2022;6.3712;-0.11%
04/14/2022;6.3784;0.16%
04/13/2022;6.3682;0.03%
4/12/2022;6.366;-0.06%
4/11/2022;6.37;0.08%
4/8/2022;6.365;0.07%
4/7/2022;6.3604;0.01%
4/6/2022;6.3599;-0.05%
4/5/2022;6.3631;0.00%
4/4/2022;6.3631;0.00%
4/1/2022;6.3631;0.36%
03/31/2022;6.34;-0.12%
03/30/2022;6.3477;-0.26%
03/29/2022;6.3642;-0.12%
03/28/2022;6.3721;0.09%
03/25/2022;6.3662;-0.03%
03/24/2022;6.3678;-0.07%
03/23/2022;6.3724;0.09%
03/22/2022;6.3665;0.17%
03/21/2022;6.356;-0.08%
03/18/2022;6.3612;0.22%
03/17/2022;6.347;-0.08%
03/16/2022;6.3523;-0.29%
03/15/2022;6.3706;0.08%
03/14/2022;6.3657;0.41%
3/11/2022;6.3398;0.28%
3/10/2022;6.3219;0.06%
3/9/2022;6.3178;-0.01%
3/8/2022;6.3187;-0.03%
3/7/2022;6.3208;0.01%
3/4/2022;6.32;0.00%
3/3/2022;6.3202;-0.01%
3/2/2022;6.3211;0.14%
3/1/2022;6.3122;0.05%
02/28/2022;6.3093;-0.13%
02/25/2022;6.3175;-0.18%
02/24/2022;6.3292;0.22%
02/23/2022;6.315;-0.18%
02/22/2022;6.3265;-0.14%
02/21/2022;6.3353;0.15%
02/18/2022;6.3256;-0.20%
02/17/2022;6.3384;0.02%
02/16/2022;6.3372;-0.03%
02/15/2022;6.3392;-0.29%
02/14/2022;6.3576;0.05%
2/11/2022;6.3546;0.01%
2/10/2022;6.3541;-0.14%
2/9/2022;6.3627;-0.06%
2/8/2022;6.3666;0.07%
2/7/2022;6.3623;0.02%
2/4/2022;6.361;0.00%
2/3/2022;6.361;0.00%
2/2/2022;6.361;0.00%
2/1/2022;6.361;0.00%
01/31/2022;6.361;0.00%
01/28/2022;6.361;-0.11%
01/27/2022;6.3683;0.75%
01/26/2022;6.3209;-0.08%
01/25/2022;6.3261;-0.07%
01/24/2022;6.3308;-0.13%
01/21/2022;6.339;-0.03%
01/20/2022;6.3411;-0.06%
01/19/2022;6.345;-0.13%
01/18/2022;6.353;0.07%
01/17/2022;6.3488;-0.06%
01/14/2022;6.3528;-0.11%
01/13/2022;6.3599;0.02%
1/12/2022;6.3584;-0.25%
1/11/2022;6.3741;-0.03%
1/10/2022;6.3762;-0.03%
1/7/2022;6.3778;-0.08%
1/6/2022;6.383;0.29%
1/5/2022;6.3644;-0.13%
1/4/2022;6.3726;0.26%
1/3/2022;6.3561;0.00%
12/31/2021;6.3561;-0.27%
12/30/2021;6.3731;0.07%
12/29/2021;6.3684;0.00%
12/28/2021;6.3687;-0.04%
12/27/2021;6.3713;0.06%
12/24/2021;6.3677;-0.04%
12/23/2021;6.3703;0.01%
12/22/2021;6.3699;-0.03%
12/21/2021;6.3721;-0.06%
12/20/2021;6.3757;0.00%
12/17/2021;6.3758;0.12%
12/16/2021;6.3683;0.01%
12/15/2021;6.3675;0.00%
12/14/2021;6.3675;0.01%
12/13/2021;6.367;-0.05%
12/10/2021;6.37;-0.12%
12/9/2021;6.3776;0.52%
12/8/2021;6.3443;-0.35%
12/7/2021;6.3669;-0.15%
12/6/2021;6.3763;0.00%
12/3/2021;6.3764;-0.01%
12/2/2021;6.3771;0.14%
12/1/2021;6.3682;0.06%
11/30/2021;6.3643;-0.37%
11/29/2021;6.3881;-0.08%
11/26/2021;6.393;0.11%
11/25/2021;6.3862;-0.10%
11/24/2021;6.3924;0.01%
11/23/2021;6.3919;0.10%
11/22/2021;6.3854;-0.03%
11/19/2021;6.3872;0.02%
11/18/2021;6.3861;0.13%
11/17/2021;6.378;-0.23%
11/16/2021;6.3928;0.15%
11/15/2021;6.3832;0.05%
11/12/2021;6.3797;-0.17%
11/11/2021;6.3906;0.03%
11/10/2021;6.3889;-0.06%
11/9/2021;6.3928;0.00%
11/8/2021;6.3927;-0.10%
11/5/2021;6.3989;0.02%
11/4/2021;6.3975;-0.14%
11/3/2021;6.4066;0.10%
11/2/2021;6.4;0.04%
11/1/2021;6.3977;-0.13%
10/29/2021;6.4058;0.22%
10/28/2021;6.3919;-0.01%
10/27/2021;6.3927;0.15%
10/26/2021;6.383;-0.04%
10/25/2021;6.3858;0.01%
10/22/2021;6.385;-0.13%
10/21/2021;6.3933;-0.02%
10/20/2021;6.3945;0.18%
10/19/2021;6.3827;-0.73%
10/18/2021;6.4299;-0.09%
10/15/2021;6.4357;-0.07%
10/14/2021;6.4399;0.18%
10/13/2021;6.4281;-0.32%
10/12/2021;6.449;-0.02%
10/11/2021;6.4506;0.11%
10/8/2021;6.4438;-0.04%
10/7/2021;6.4467;0.00%
10/6/2021;6.4467;0.00%
10/5/2021;6.4467;0.00%
10/4/2021;6.4467;0.00%
10/1/2021;6.4467;0.00%
09/30/2021;6.4467;-0.38%
09/29/2021;6.4711;0.17%
09/28/2021;6.4598;0.04%
09/27/2021;6.457;-0.15%
09/24/2021;6.4667;0.12%
09/23/2021;6.459;-0.05%
09/22/2021;6.4623;-0.06%
09/21/2021;6.4662;0.00%
09/20/2021;6.4662;0.00%
09/17/2021;6.4662;0.13%
09/16/2021;6.4578;0.39%
09/15/2021;6.4325;-0.11%
09/14/2021;6.4394;-0.19%
09/13/2021;6.4518;0.11%
9/10/2021;6.4444;-0.17%
9/9/2021;6.4554;-0.10%
9/8/2021;6.4618;-0.07%
9/7/2021;6.4666;0.13%
9/6/2021;6.4582;0.08%
9/3/2021;6.4529;-0.06%
9/2/2021;6.4565;-0.05%
9/1/2021;6.4599;-0.01%
08/31/2021;6.4607;-0.09%
08/30/2021;6.4666;-0.08%
08/27/2021;6.4718;-0.15%
08/26/2021;6.4815;0.08%
08/25/2021;6.476;0.07%
08/24/2021;6.4714;-0.16%
08/23/2021;6.4815;-0.31%
08/20/2021;6.5015;0.10%
08/19/2021;6.4948;0.16%
08/18/2021;6.4847;-0.02%
08/17/2021;6.4861;0.18%
08/16/2021;6.4747;-0.04%
08/13/2021;6.4774;-0.03%
8/12/2021;6.4791;0.00%
8/11/2021;6.4792;-0.10%
8/10/2021;6.486;0.00%
8/9/2021;6.4863;0.04%
8/6/2021;6.4835;0.34%
8/5/2021;6.4614;-0.07%
8/4/2021;6.4662;-0.06%
8/3/2021;6.4704;0.13%
8/2/2021;6.4621;0.01%
07/30/2021;6.4614;0.08%
07/29/2021;6.4564;-0.53%
07/28/2021;6.4909;-0.31%
07/27/2021;6.5112;0.44%
07/26/2021;6.4827;0.02%
07/23/2021;6.4814;0.17%
07/22/2021;6.4707;0.04%
07/21/2021;6.468;-0.26%
07/20/2021;6.485;-0.08%
07/19/2021;6.4905;0.17%
07/16/2021;6.4792;0.28%
07/15/2021;6.4609;-0.12%
07/14/2021;6.4689;0.00%
07/13/2021;6.4688;-0.11%
7/12/2021;6.4756;-0.05%
7/9/2021;6.4789;-0.18%
7/8/2021;6.4903;0.27%
7/7/2021;6.473;-0.10%
7/6/2021;6.4792;0.23%
7/5/2021;6.4643;-0.14%
7/2/2021;6.4731;0.06%
7/1/2021;6.4691;0.18%
06/30/2021;6.4572;-0.10%
06/29/2021;6.4638;0.12%
06/28/2021;6.4561;0.00%
06/25/2021;6.4563;-0.24%
06/24/2021;6.472;-0.03%
06/23/2021;6.4739;-0.11%
06/22/2021;6.4812;0.22%
06/21/2021;6.4669;0.21%
06/18/2021;6.4531;0.07%
06/17/2021;6.4483;0.80%
06/16/2021;6.3972;-0.14%
06/15/2021;6.4061;0.12%
06/14/2021;6.3987;0.00%
6/11/2021;6.3987;0.08%
6/10/2021;6.3933;0.09%
6/9/2021;6.3875;-0.20%
6/8/2021;6.4005;0.05%
6/7/2021;6.3973;0.03%
6/4/2021;6.3953;-0.13%
6/3/2021;6.4038;0.36%
6/2/2021;6.3811;-0.01%
6/1/2021;6.3817;0.18%
05/31/2021;6.37;0.03%
05/28/2021;6.3684;-0.23%
05/27/2021;6.3833;-0.13%
05/26/2021;6.3917;-0.30%
05/25/2021;6.411;-0.13%
05/24/2021;6.4193;-0.23%
05/21/2021;6.4342;-0.01%
05/20/2021;6.4349;0.00%
05/19/2021;6.435;0.14%
05/18/2021;6.4257;-0.21%
05/17/2021;6.4392;0.03%
05/14/2021;6.4371;-0.23%
05/13/2021;6.452;-0.08%
5/12/2021;6.4571;0.43%
5/11/2021;6.4292;0.20%
5/10/2021;6.4166;-0.25%
5/7/2021;6.4325;-0.48%
5/6/2021;6.4638;-0.15%
5/5/2021;6.4735;0.00%
5/4/2021;6.4735;0.00%
5/3/2021;6.4735;0.00%
04/30/2021;6.4735;0.02%
04/29/2021;6.4722;-0.10%
04/28/2021;6.4788;-0.07%
04/27/2021;6.4831;-0.04%
04/26/2021;6.4855;-0.15%
04/25/2021;6.4954;0.00%
04/23/2021;6.4954;0.06%
04/22/2021;6.4914;0.01%
04/21/2021;6.4909;-0.13%
04/20/2021;6.4995;-0.16%
04/19/2021;6.5102;-0.17%
04/16/2021;6.521;-0.03%
04/15/2021;6.5228;-0.10%
04/14/2021;6.5296;-0.22%
04/13/2021;6.5441;-0.06%
4/12/2021;6.5483;-0.07%
4/9/2021;6.553;0.03%
4/8/2021;6.5511;0.13%
4/7/2021;6.5425;0.05%
4/6/2021;6.5395;-0.42%
4/5/2021;6.5671;0.00%
4/2/2021;6.5671;0.03%
4/1/2021;6.5653;0.19%
03/31/2021;6.5527;-0.29%
03/30/2021;6.572;0.04%
03/29/2021;6.5697;0.43%
03/26/2021;6.5415;-0.07%
03/25/2021;6.5463;0.33%
03/24/2021;6.5246;0.13%
03/23/2021;6.5164;0.13%
03/22/2021;6.5078;-0.02%
03/19/2021;6.509;0.04%
03/18/2021;6.5063;0.03%
03/17/2021;6.5041;-0.03%
03/16/2021;6.5059;0.09%
03/15/2021;6.5001;-0.13%
3/12/2021;6.5085;0.22%
3/11/2021;6.4939;-0.18%
3/10/2021;6.5059;-0.01%
3/9/2021;6.5067;-0.30%
3/8/2021;6.5261;0.45%
3/5/2021;6.4968;0.41%
3/4/2021;6.47;0.03%
3/3/2021;6.4679;-0.05%
3/2/2021;6.4714;0.08%
3/1/2021;6.466;-0.14%
02/26/2021;6.4751;0.31%
02/25/2021;6.4549;-0.03%
02/24/2021;6.4566;-0.15%
02/23/2021;6.4665;0.03%
02/22/2021;6.4648;0.11%
02/19/2021;6.4577;-0.47%
02/18/2021;6.4882;0.46%
02/17/2021;6.4582;0.00%
02/16/2021;6.4582;0.00%
02/15/2021;6.4582;0.00%
2/12/2021;6.4582;0.00%
2/11/2021;6.4582;0.00%
2/10/2021;6.4582;0.36%
2/9/2021;6.4353;-0.20%
2/8/2021;6.4484;-0.28%
2/5/2021;6.4667;-0.08%
2/4/2021;6.4718;0.18%
2/3/2021;6.4602;0.05%
2/2/2021;6.4567;-0.17%
2/1/2021;6.468;0.63%
01/29/2021;6.4277;-0.34%
01/28/2021;6.4496;-0.52%
01/27/2021;6.4836;0.29%
01/26/2021;6.4651;-0.23%
01/25/2021;6.4798;-0.03%
01/22/2021;6.4819;0.31%
01/21/2021;6.462;-0.07%
01/20/2021;6.4665;-0.19%
01/19/2021;6.4789;-0.21%
01/18/2021;6.4925;0.18%
01/15/2021;6.4809;0.10%
01/14/2021;6.4746;0.10%
01/13/2021;6.4681;0.07%
1/12/2021;6.4636;-0.27%
1/11/2021;6.4808;0.08%
1/8/2021;6.4755;-0.02%
1/7/2021;6.477;0.22%
1/6/2021;6.4629;0.11%
1/5/2021;6.4561;-0.09%
1/4/2021;6.4616;-1.00%
1/1/2021;6.5267;0.00%
12/31/2020;6.5267;0.05%
12/30/2020;6.5233;-0.11%
12/29/2020;6.5308;-0.10%
12/28/2020;6.5371;-0.07%
12/25/2020;6.5418;0.18%
12/24/2020;6.5301;-0.16%
12/23/2020;6.5406;-0.04%
12/22/2020;6.5432;-0.10%
12/21/2020;6.5497;0.19%
12/18/2020;6.5376;0.07%
12/17/2020;6.5332;0.01%
12/16/2020;6.5328;-0.10%
12/15/2020;6.5395;-0.17%
12/14/2020;6.5508;0.07%
12/11/2020;6.5463;0.01%
12/10/2020;6.5455;0.03%
12/9/2020;6.5435;0.16%
12/8/2020;6.5332;0.05%
12/7/2020;6.5298;-0.03%
12/4/2020;6.5316;-0.17%
12/3/2020;6.5429;-0.31%
12/2/2020;6.563;-0.14%
12/1/2020;6.5723;-0.10%
11/30/2020;6.5789;0.03%
11/27/2020;6.5769;0.02%
11/26/2020;6.5756;-0.05%
11/25/2020;6.579;-0.19%
11/24/2020;6.5915;0.08%
11/23/2020;6.586;0.35%
11/20/2020;6.563;-0.31%
11/19/2020;6.5835;0.35%
11/18/2020;6.5605;0.06%
11/17/2020;6.5566;-0.43%
11/16/2020;6.5848;-0.33%
11/13/2020;6.6065;-0.10%
11/12/2020;6.613;-0.27%
11/11/2020;6.6311;0.23%
11/10/2020;6.6156;-0.21%
11/9/2020;6.6296;0.27%
11/6/2020;6.6115;0.07%
11/5/2020;6.6066;-0.70%
11/4/2020;6.6535;-0.36%
11/3/2020;6.6778;-0.20%
11/2/2020;6.6915;-0.02%
10/30/2020;6.6927;-0.33%
10/29/2020;6.715;-0.21%
10/28/2020;6.729;0.35%
10/27/2020;6.7055;-0.10%
10/26/2020;6.7123;0.38%
10/23/2020;6.6868;0.03%
10/22/2020;6.6846;0.50%
10/21/2020;6.6511;-0.38%
10/20/2020;6.6767;-0.08%
10/19/2020;6.6822;-0.23%
10/16/2020;6.6976;-0.41%
10/15/2020;6.7254;0.15%
10/14/2020;6.7151;-0.47%
10/13/2020;6.7467;0.01%
10/12/2020;6.7459;0.76%
10/9/2020;6.6947;-1.42%
10/8/2020;6.7908;0.00%
10/7/2020;6.7908;0.00%
10/6/2020;6.7908;0.00%
10/5/2020;6.7908;0.00%
10/2/2020;6.7908;0.00%
10/1/2020;6.7908;0.00%
09/30/2020;6.7908;-0.38%
09/29/2020;6.8165;0.07%
09/28/2020;6.8119;-0.17%
09/25/2020;6.8238;-0.07%
09/24/2020;6.8287;0.27%
09/23/2020;6.8104;0.45%
09/22/2020;6.7799;-0.37%
09/21/2020;6.8052;0.53%
09/18/2020;6.7693;0.05%
09/17/2020;6.7657;0.16%
09/16/2020;6.7548;-0.40%
09/15/2020;6.7818;-0.42%
09/14/2020;6.8105;-0.35%
9/11/2020;6.8344;0.00%
9/10/2020;6.8344;0.02%
9/9/2020;6.8333;-0.19%
9/8/2020;6.8465;0.23%
9/7/2020;6.8305;-0.18%
9/4/2020;6.8425;-0.06%
9/3/2020;6.8468;0.12%
9/2/2020;6.8383;0.15%
9/1/2020;6.8282;-0.30%
08/31/2020;6.8485;-0.25%
08/28/2020;6.8654;-0.41%
08/27/2020;6.8937;0.11%
08/26/2020;6.886;-0.39%
08/25/2020;6.9128;-0.10%
08/24/2020;6.9196;0.00%
08/21/2020;6.9195;0.05%
08/20/2020;6.9159;-0.07%
08/19/2020;6.9207;-0.02%
08/18/2020;6.9218;-0.16%
08/17/2020;6.9329;-0.25%
08/14/2020;6.9504;0.08%
08/13/2020;6.9451;0.11%
8/12/2020;6.9372;-0.13%
8/11/2020;6.9463;-0.22%
8/10/2020;6.9619;-0.09%
8/7/2020;6.968;0.21%
8/6/2020;6.9535;0.24%
8/5/2020;6.9367;-0.53%
8/4/2020;6.9735;-0.11%
8/3/2020;6.9809;0.08%
07/31/2020;6.9752;-0.48%
07/30/2020;7.0088;0.10%
07/29/2020;7.0018;0.01%
07/28/2020;7.0008;0.06%
07/27/2020;6.9964;-0.29%
07/24/2020;7.017;0.18%
07/23/2020;7.0041;0.06%
07/22/2020;7.0002;0.28%
07/21/2020;6.9808;-0.04%
07/20/2020;6.9838;-0.12%
07/17/2020;6.9924;0.04%
07/16/2020;6.9893;0.00%
07/15/2020;6.989;-0.26%
07/14/2020;7.0075;0.14%
07/13/2020;6.9975;-0.06%
7/10/2020;7.0018;0.11%
7/9/2020;6.9942;-0.15%
7/8/2020;7.0046;-0.13%
7/7/2020;7.014;-0.07%
7/6/2020;7.0188;-0.67%
7/3/2020;7.0664;-0.01%
7/2/2020;7.067;-0.06%
7/1/2020;7.0712;0.08%
06/30/2020;7.0655;-0.22%
06/29/2020;7.0811;0.04%
06/26/2020;7.0782;0.00%
06/25/2020;7.0782;0.00%
06/24/2020;7.0782;0.27%
06/23/2020;7.059;-0.13%
06/22/2020;7.0684;-0.06%
06/19/2020;7.0723;-0.24%
06/18/2020;7.0894;0.05%
06/17/2020;7.0856;-0.01%
06/16/2020;7.0866;-0.06%
06/15/2020;7.0909;0.11%
6/12/2020;7.0834;0.26%
6/11/2020;7.065;0.06%
6/10/2020;7.061;-0.23%
6/9/2020;7.0773;0.08%
6/8/2020;7.0716;-0.15%
6/5/2020;7.082;-0.40%
6/4/2020;7.1103;-0.08%
6/3/2020;7.1158;0.20%
6/2/2020;7.1014;-0.37%
6/1/2020;7.1278;-0.13%
05/29/2020;7.1373;-0.13%
05/28/2020;7.1463;-0.33%
05/27/2020;7.1697;0.49%
05/26/2020;7.135;-0.03%
05/25/2020;7.1368;0.09%
05/22/2020;7.1305;0.21%
05/21/2020;7.1153;0.31%
05/20/2020;7.0935;-0.08%
05/19/2020;7.0993;-0.15%
05/18/2020;7.1097;0.11%
05/15/2020;7.1022;0.09%
05/14/2020;7.0959;0.05%
05/13/2020;7.0923;0.13%
5/12/2020;7.0829;-0.23%
5/11/2020;7.0992;0.35%
5/8/2020;7.0742;-0.14%
5/7/2020;7.0844;-0.28%
5/6/2020;7.1046;0.60%
5/5/2020;7.0622;0.00%
5/4/2020;7.0622;0.00%
5/1/2020;7.0622;0.00%
04/30/2020;7.0622;-0.21%
04/29/2020;7.0768;-0.04%
04/28/2020;7.0796;-0.10%
04/27/2020;7.0865;0.06%
04/24/2020;7.0819;0.22%
04/23/2020;7.0667;-0.25%
04/22/2020;7.0842;-0.11%
04/21/2020;7.092;0.26%
04/20/2020;7.0736;0.01%
04/17/2020;7.0731;-0.09%
04/16/2020;7.0798;0.17%
04/15/2020;7.0677;0.27%
04/14/2020;7.0486;-0.06%
04/13/2020;7.0527;0.24%
4/10/2020;7.036;-0.10%
4/9/2020;7.0432;-0.32%
4/8/2020;7.066;0.29%
4/7/2020;7.0458;-0.66%
4/6/2020;7.0928;0.00%
4/3/2020;7.0928;0.12%
4/2/2020;7.0841;-0.23%
4/1/2020;7.1001;0.25%
03/31/2020;7.0825;-0.25%
03/30/2020;7.1003;0.06%
03/27/2020;7.0963;0.32%
03/26/2020;7.0735;-0.58%
03/25/2020;7.1148;0.73%
03/24/2020;7.0631;-0.42%
03/23/2020;7.0926;-0.05%
03/20/2020;7.0961;-0.17%
03/19/2020;7.1083;0.86%
03/18/2020;7.0474;0.56%
03/17/2020;7.0079;0.21%
03/16/2020;6.9934;-0.22%
03/13/2020;7.0086;-0.30%
3/12/2020;7.0295;0.99%
3/11/2020;6.9605;0.06%
3/10/2020;6.9564;0.14%
3/9/2020;6.9466;0.21%
3/6/2020;6.9321;-0.07%
3/5/2020;6.9373;0.16%
3/4/2020;6.9263;-0.51%
3/3/2020;6.962;0.01%
3/2/2020;6.961;-0.44%
02/28/2020;6.9919;-0.18%
02/27/2020;7.0045;-0.26%
02/26/2020;7.0226;0.13%
02/25/2020;7.0135;-0.23%
02/24/2020;7.0294;0.03%
02/21/2020;7.0271;0.06%
02/20/2020;7.023;0.35%
02/19/2020;6.9983;0.02%
02/18/2020;6.9972;0.23%
02/17/2020;6.9814;-0.08%
02/14/2020;6.9869;0.14%
02/13/2020;6.977;0.07%
2/12/2020;6.972;0.09%
2/11/2020;6.966;-0.26%
2/10/2020;6.9844;-0.24%
2/7/2020;7.0015;0.44%
2/6/2020;6.9708;-0.04%
2/5/2020;6.9738;-0.35%
2/4/2020;6.9985;-0.33%
2/3/2020;7.0215;1.22%
01/31/2020;6.9367;0.00%
01/30/2020;6.9367;0.00%
01/29/2020;6.9367;0.00%
01/28/2020;6.9367;0.00%
01/27/2020;6.9367;0.00%
01/24/2020;6.9367;0.00%
01/23/2020;6.9367;0.43%
01/22/2020;6.9067;0.01%
01/21/2020;6.9058;0.57%
01/20/2020;6.8669;0.10%
01/17/2020;6.8598;-0.28%
01/16/2020;6.8789;-0.17%
01/15/2020;6.8909;0.10%
01/14/2020;6.8842;-0.14%
01/13/2020;6.8938;-0.37%
1/10/2020;6.9193;-0.18%
1/9/2020;6.9318;-0.21%
1/8/2020;6.9462;0.01%
1/7/2020;6.9453;-0.44%
1/6/2020;6.976;0.15%
1/3/2020;6.9655;0.02%
1/2/2020;6.9644;0.02%
1/1/2020;6.9632;0.00%
12/31/2019;6.9632;-0.34%
12/30/2019;6.9868;-0.13%
12/27/2019;6.9958;-0.01%
12/26/2019;6.9965;0.10%
12/25/2019;6.9894;-0.26%
12/24/2019;7.0075;-0.08%
12/23/2019;7.0128;0.09%
12/20/2019;7.0068;-0.05%
12/19/2019;7.0104;0.08%
12/18/2019;7.005;0.11%
12/17/2019;6.9972;0.05%
12/16/2019;6.9936;0.06%
12/13/2019;6.9895;0.07%
12/12/2019;6.9849;-0.77%
12/11/2019;7.0388;0.07%
12/10/2019;7.0342;-0.07%
12/9/2019;7.0393;0.06%
12/6/2019;7.035;-0.14%
12/5/2019;7.0448;-0.07%
12/4/2019;7.0499;-0.16%
12/3/2019;7.0613;0.31%
12/2/2019;7.0393;0.10%
11/29/2019;7.0325;-0.04%
11/28/2019;7.0354;0.09%
11/27/2019;7.029;-0.06%
11/26/2019;7.0335;-0.04%
11/25/2019;7.0364;-0.05%
11/22/2019;7.04;0.15%
11/21/2019;7.0293;-0.09%
11/20/2019;7.0359;0.12%
11/19/2019;7.0276;0.02%
11/18/2019;7.0261;0.25%
11/15/2019;7.0083;-0.18%
11/14/2019;7.0208;-0.04%
11/13/2019;7.0235;0.22%
11/12/2019;7.0079;-0.04%
11/11/2019;7.0106;0.21%
11/8/2019;6.9961;0.25%
11/7/2019;6.9784;-0.28%
11/6/2019;6.9982;-0.16%
11/5/2019;7.0097;-0.29%
11/4/2019;7.0304;-0.10%
11/1/2019;7.0375;-0.03%
10/31/2019;7.0395;-0.22%
10/30/2019;7.0553;-0.15%
10/29/2019;7.0658;-0.03%
10/28/2019;7.0678;0.03%
10/25/2019;7.0654;-0.05%
10/24/2019;7.0691;0.05%
10/23/2019;7.0656;-0.16%
10/22/2019;7.0769;0.01%
10/21/2019;7.0763;-0.08%
10/18/2019;7.0817;0.06%
10/17/2019;7.0774;-0.23%
10/16/2019;7.0936;0.17%
10/15/2019;7.0818;0.20%
10/14/2019;7.0675;-0.29%
10/11/2019;7.088;-0.40%
10/10/2019;7.1163;-0.23%
10/9/2019;7.1324;-0.17%
10/8/2019;7.1444;-0.06%
10/7/2019;7.1484;0.00%
10/4/2019;7.1484;0.00%
10/3/2019;7.1484;0.00%
10/2/2019;7.1484;0.00%
10/1/2019;7.1484;0.00%
09/30/2019;7.1484;0.36%
09/27/2019;7.1228;-0.14%
09/26/2019;7.1326;0.01%
09/25/2019;7.1318;0.22%
09/24/2019;7.1164;-0.03%
09/23/2019;7.1185;0.38%
09/20/2019;7.0916;-0.07%
09/19/2019;7.0966;0.15%
09/18/2019;7.086;-0.08%
09/17/2019;7.0919;0.35%
09/16/2019;7.0674;-0.17%
09/13/2019;7.0794;0.00%
9/12/2019;7.0794;-0.53%
9/11/2019;7.1168;0.06%
9/10/2019;7.1127;-0.13%
9/9/2019;7.122;0.09%
9/6/2019;7.1157;-0.46%
9/5/2019;7.1485;0.03%
9/4/2019;7.146;-0.46%
9/3/2019;7.1789;0.10%
9/2/2019;7.172;0.21%
08/30/2019;7.1568;0.17%
08/29/2019;7.1445;-0.29%
08/28/2019;7.1653;0.04%
08/27/2019;7.1623;0.16%
08/26/2019;7.1512;0.78%
08/23/2019;7.0961;0.18%
08/22/2019;7.0837;0.29%
08/21/2019;7.0632;0.04%
08/20/2019;7.0605;0.14%
08/19/2019;7.0508;0.11%
08/16/2019;7.0428;0.13%
08/15/2019;7.034;0.14%
08/14/2019;7.0245;-0.27%
08/13/2019;7.0435;-0.21%
8/12/2019;7.0582;-0.06%
8/9/2019;7.0624;0.24%
8/8/2019;7.0452;-0.21%
8/7/2019;7.0602;0.48%
8/6/2019;7.0265;-0.34%
8/5/2019;7.0508;1.59%
8/2/2019;6.9405;0.61%
8/1/2019;6.8987;0.21%
07/31/2019;6.8842;0.00%
07/30/2019;6.8845;-0.13%
07/29/2019;6.8934;0.21%
07/26/2019;6.8792;0.10%
07/25/2019;6.8726;0.00%
07/24/2019;6.8725;-0.10%
07/23/2019;6.8792;-0.03%
07/22/2019;6.8812;-0.01%
07/19/2019;6.8822;0.03%
07/18/2019;6.8801;0.09%
07/17/2019;6.8737;-0.04%
07/16/2019;6.8763;-0.02%
07/15/2019;6.8778;-0.04%
7/12/2019;6.8808;0.15%
7/11/2019;6.8702;-0.04%
7/10/2019;6.8729;-0.22%
7/9/2019;6.888;0.09%
7/8/2019;6.8819;-0.17%
7/5/2019;6.8936;0.32%
7/4/2019;6.8715;-0.14%
7/3/2019;6.8812;0.12%
7/2/2019;6.8729;0.31%
7/1/2019;6.8517;-0.22%
06/28/2019;6.8668;-0.15%
06/27/2019;6.8771;-0.04%
06/26/2019;6.8801;0.00%
06/25/2019;6.8798;0.04%
06/24/2019;6.877;0.10%
06/21/2019;6.87;0.26%
06/20/2019;6.852;-0.75%
06/19/2019;6.9036;0.01%
06/18/2019;6.9032;-0.33%
06/17/2019;6.9258;0.00%
06/14/2019;6.9255;0.05%
06/13/2019;6.9217;0.06%
6/12/2019;6.9177;0.09%
6/11/2019;6.9114;-0.28%
6/10/2019;6.931;0.31%
6/7/2019;6.9097;0.00%
6/6/2019;6.9097;0.01%
6/5/2019;6.9091;0.01%
6/4/2019;6.9083;0.07%
6/3/2019;6.9038;-0.02%
05/31/2019;6.905;0.04%
05/30/2019;6.9019;-0.18%
05/29/2019;6.9145;0.06%
05/28/2019;6.9102;0.18%
05/27/2019;6.898;-0.03%
05/24/2019;6.9003;-0.15%
05/23/2019;6.9105;0.06%
05/22/2019;6.9064;0.06%
05/21/2019;6.9023;-0.14%
05/20/2019;6.9123;-0.09%
05/17/2019;6.9187;0.51%
05/16/2019;6.8838;0.11%
05/15/2019;6.8762;0.00%
05/14/2019;6.876;-0.03%
05/13/2019;6.8784;0.80%
5/10/2019;6.8241;-0.05%
5/9/2019;6.8275;0.66%
5/8/2019;6.7829;0.09%
5/7/2019;6.7769;0.18%
5/6/2019;6.7645;0.44%
5/3/2019;6.7346;0.00%
5/2/2019;6.7346;0.00%
5/1/2019;6.7349;0.00%
04/30/2019;6.7349;0.02%
04/29/2019;6.7336;0.06%
04/26/2019;6.7298;-0.20%
04/25/2019;6.7431;0.32%
04/24/2019;6.7219;-0.06%
04/23/2019;6.7259;0.21%
04/22/2019;6.7121;0.12%
04/19/2019;6.7042;-0.07%
04/18/2019;6.7091;0.31%
04/17/2019;6.6882;-0.36%
04/16/2019;6.7122;0.05%
04/15/2019;6.7087;0.06%
4/12/2019;6.7044;-0.22%
4/11/2019;6.7194;0.05%
4/10/2019;6.716;0.06%
4/9/2019;6.7119;-0.07%
4/8/2019;6.7164;-0.04%
4/5/2019;6.719;0.02%
4/4/2019;6.7174;0.09%
4/3/2019;6.7114;-0.18%
4/2/2019;6.7233;0.18%
4/1/2019;6.7115;-0.01%
03/29/2019;6.7121;-0.40%
03/28/2019;6.7391;0.18%
03/27/2019;6.7272;0.17%
03/26/2019;6.7157;0.09%
03/25/2019;6.7094;-0.13%
03/22/2019;6.7182;0.28%
03/21/2019;6.6992;0.07%
03/20/2019;6.6946;-0.26%
03/19/2019;6.712;-0.02%
03/18/2019;6.7131;-0.01%
03/15/2019;6.7138;-0.14%
03/14/2019;6.723;0.24%
03/13/2019;6.7071;-0.02%
3/12/2019;6.7086;-0.27%
3/11/2019;6.7265;0.07%
3/8/2019;6.7216;0.10%
3/7/2019;6.715;0.05%
3/6/2019;6.7119;0.06%
3/5/2019;6.7076;0.00%
3/4/2019;6.7073;0.01%
3/1/2019;6.7064;0.18%
02/28/2019;6.6942;0.10%
02/27/2019;6.6872;-0.19%
02/26/2019;6.7002;0.16%
02/25/2019;6.6894;-0.37%
02/22/2019;6.7142;-0.08%
02/21/2019;6.7198;-0.02%
02/20/2019;6.7213;-0.55%
02/19/2019;6.7587;-0.12%
02/18/2019;6.7667;-0.09%
02/15/2019;6.773;0.01%
02/14/2019;6.7722;0.17%
02/13/2019;6.7604;-0.20%
2/12/2019;6.774;-0.27%
2/11/2019;6.7924;0.71%
2/8/2019;6.7448;0.00%
2/7/2019;6.7448;0.00%
2/6/2019;6.7448;0.00%
2/5/2019;6.7448;0.00%
2/4/2019;6.7448;0.00%
2/1/2019;6.7448;0.66%
01/31/2019;6.7008;-0.23%
01/30/2019;6.7165;-0.24%
01/29/2019;6.7329;-0.18%
01/28/2019;6.7453;-0.03%
01/25/2019;6.7473;-0.61%
01/24/2019;6.7885;-0.05%
01/23/2019;6.792;-0.24%
01/22/2019;6.808;0.15%
01/21/2019;6.798;0.28%
01/18/2019;6.779;0.04%
01/17/2019;6.7764;0.29%
01/16/2019;6.7568;-0.06%
01/15/2019;6.761;-0.10%
01/14/2019;6.7681;0.08%
1/11/2019;6.763;-0.38%
1/10/2019;6.7885;-0.41%
1/9/2019;6.8165;-0.54%
1/8/2019;6.8532;0.03%
1/7/2019;6.851;-0.26%
1/4/2019;6.8692;-0.04%
1/3/2019;6.8721;0.15%
1/2/2019;6.862;-0.24%
1/1/2019;6.8785;0.00%
12/31/2018;6.8785;0.00%
12/28/2018;6.8785;0.18%
12/27/2018;6.8663;-0.28%
12/26/2018;6.8854;-0.03%
12/25/2018;6.8872;-0.17%
12/24/2018;6.8991;-0.11%
12/21/2018;6.9065;0.31%
12/20/2018;6.8851;-0.10%
12/19/2018;6.8922;-0.04%
12/18/2018;6.8951;-0.03%
12/17/2018;6.8972;-0.15%
12/14/2018;6.9077;0.38%
12/13/2018;6.8816;0.02%
12/12/2018;6.88;-0.29%
12/11/2018;6.9;-0.17%
12/10/2018;6.9118;0.53%
12/7/2018;6.8757;-0.10%
12/6/2018;6.8827;0.38%
12/5/2018;6.8567;0.28%
12/4/2018;6.8373;-0.67%
12/3/2018;6.8831;-1.11%
11/30/2018;6.9605;0.26%
11/29/2018;6.9425;-0.16%
11/28/2018;6.9539;0.03%
11/27/2018;6.9515;0.15%
11/26/2018;6.9408;-0.11%
11/23/2018;6.9485;0.24%
11/22/2018;6.932;0.07%
11/21/2018;6.927;-0.26%
11/20/2018;6.9453;0.05%
11/19/2018;6.942;0.06%
11/16/2018;6.938;-0.02%
11/15/2018;6.9393;-0.16%
11/14/2018;6.9505;-0.08%
11/13/2018;6.956;-0.11%
11/12/2018;6.9636;0.10%
11/9/2018;6.9568;0.32%
11/8/2018;6.9345;0.21%
11/7/2018;6.92;0.01%
11/6/2018;6.9195;-0.09%
11/5/2018;6.9258;0.51%
11/2/2018;6.8907;-0.47%
11/1/2018;6.9233;-0.75%
10/31/2018;6.9757;0.12%
10/30/2018;6.9672;0.08%
10/29/2018;6.9619;0.26%
10/26/2018;6.9435;-0.08%
10/25/2018;6.949;0.07%
10/24/2018;6.944;0.08%
10/23/2018;6.9383;-0.13%
10/22/2018;6.9475;0.26%
10/19/2018;6.9297;-0.11%
10/18/2018;6.9376;0.15%
10/17/2018;6.9275;0.22%
10/16/2018;6.912;-0.07%
10/15/2018;6.9168;-0.08%
10/12/2018;6.9225;0.47%
10/11/2018;6.8899;-0.50%
10/10/2018;6.9243;0.02%
10/9/2018;6.9228;-0.12%
10/8/2018;6.9308;0.90%
10/5/2018;6.8689;0.00%
10/4/2018;6.8689;0.00%
10/3/2018;6.8689;0.00%
10/2/2018;6.8689;0.00%
10/1/2018;6.8689;0.00%
09/28/2018;6.8689;-0.31%
09/27/2018;6.8903;0.17%
09/26/2018;6.8786;0.18%
09/25/2018;6.8665;0.14%
09/24/2018;6.8571;0.00%
09/21/2018;6.8571;0.15%
09/20/2018;6.8468;-0.02%
09/19/2018;6.8483;-0.19%
09/18/2018;6.8616;0.07%
09/17/2018;6.857;-0.17%
09/14/2018;6.869;0.35%
09/13/2018;6.8448;-0.23%
9/12/2018;6.8607;-0.18%
9/11/2018;6.873;0.25%
9/10/2018;6.8556;0.17%
9/7/2018;6.8438;0.12%
9/6/2018;6.8355;0.07%
9/5/2018;6.8305;-0.20%
9/4/2018;6.8443;0.32%
9/3/2018;6.8228;-0.13%
08/31/2018;6.8315;-0.19%
08/30/2018;6.8445;0.34%
08/29/2018;6.8213;0.27%
08/28/2018;6.8031;-0.18%
08/27/2018;6.8157;0.13%
08/24/2018;6.807;-1.03%
08/23/2018;6.8778;0.53%
08/22/2018;6.8418;-0.08%
08/21/2018;6.8472;-0.15%
08/20/2018;6.8578;-0.29%
08/17/2018;6.8775;-0.07%
08/16/2018;6.8825;-0.75%
08/15/2018;6.9348;0.73%
08/14/2018;6.8843;-0.10%
08/13/2018;6.8913;0.65%
8/10/2018;6.8471;0.38%
8/9/2018;6.821;-0.22%
8/8/2018;6.8358;0.06%
8/7/2018;6.8318;-0.32%
8/6/2018;6.8535;0.30%
8/3/2018;6.8332;-0.14%
8/2/2018;6.8428;0.29%
8/1/2018;6.8227;0.15%
07/31/2018;6.8127;-0.03%
07/30/2018;6.815;0.02%
07/27/2018;6.8137;0.31%
07/26/2018;6.7928;0.34%
07/25/2018;6.7697;-0.32%
07/24/2018;6.7915;-0.02%
07/23/2018;6.793;0.33%
07/20/2018;6.7709;-0.06%
07/19/2018;6.7751;0.82%
07/18/2018;6.7197;0.20%
07/17/2018;6.7065;0.23%
07/16/2018;6.6911;-0.01%
07/13/2018;6.6917;0.36%
7/12/2018;6.6678;-0.20%
7/11/2018;6.6812;0.77%
7/10/2018;6.6299;0.21%
7/9/2018;6.6161;-0.41%
7/6/2018;6.6436;0.10%
7/5/2018;6.6371;0.07%
7/4/2018;6.6325;-0.15%
7/3/2018;6.6425;-0.38%
7/2/2018;6.668;0.71%
06/29/2018;6.621;-0.09%
06/28/2018;6.6271;0.34%
06/27/2018;6.6047;0.39%
06/26/2018;6.5793;0.60%
06/25/2018;6.54;0.52%
06/22/2018;6.5059;0.19%
06/21/2018;6.4933;0.30%
06/20/2018;6.4738;-0.18%
06/19/2018;6.4852;0.71%
06/18/2018;6.4394;0.00%
06/15/2018;6.4394;0.59%
06/14/2018;6.4018;0.05%
06/13/2018;6.3984;-0.07%
6/12/2018;6.4028;0.02%
6/11/2018;6.4018;-0.08%
6/8/2018;6.4067;0.23%
6/7/2018;6.3922;0.06%
6/6/2018;6.3884;-0.28%
6/5/2018;6.4061;-0.06%
6/4/2018;6.41;-0.16%
6/1/2018;6.4204;0.16%
05/31/2018;6.4103;-0.14%
05/30/2018;6.419;0.02%
05/29/2018;6.4176;0.29%
05/28/2018;6.3993;0.12%
05/25/2018;6.3918;0.21%
05/24/2018;6.3783;-0.16%
05/23/2018;6.3885;0.33%
05/22/2018;6.3675;-0.25%
05/21/2018;6.3835;0.05%
05/18/2018;6.38;0.20%
05/17/2018;6.3672;-0.07%
05/16/2018;6.3715;-0.10%
05/15/2018;6.3778;0.61%
05/14/2018;6.3393;0.08%
5/11/2018;6.3341;-0.24%
5/10/2018;6.3492;-0.21%
5/9/2018;6.3624;-0.13%
5/8/2018;6.3706;0.06%
5/7/2018;6.3668;0.06%
5/4/2018;6.3627;0.14%
5/3/2018;6.3537;-0.14%
5/2/2018;6.3625;0.46%
5/1/2018;6.3332;0.00%
04/30/2018;6.3332;0.00%
04/27/2018;6.3332;-0.05%
04/26/2018;6.3366;0.16%
04/25/2018;6.3266;0.32%
04/24/2018;6.3065;-0.17%
04/23/2018;6.3171;0.33%
04/20/2018;6.2965;0.28%
04/19/2018;6.2791;0.07%
04/18/2018;6.2744;-0.13%
04/17/2018;6.2826;0.10%
04/16/2018;6.2765;0.02%
04/13/2018;6.275;-0.26%
4/12/2018;6.2915;0.36%
4/11/2018;6.269;-0.23%
4/10/2018;6.2833;-0.38%
4/9/2018;6.307;0.03%
4/6/2018;6.3052;0.00%
4/5/2018;6.3052;0.00%
4/4/2018;6.3052;0.24%
4/3/2018;6.2899;0.15%
4/2/2018;6.2805;0.08%
03/30/2018;6.2753;-0.23%
03/29/2018;6.2898;-0.13%
03/28/2018;6.2979;0.24%
03/27/2018;6.2831;0.15%
03/26/2018;6.2734;-0.67%
03/23/2018;6.316;-0.30%
03/22/2018;6.335;0.19%
03/21/2018;6.3232;-0.17%
03/20/2018;6.334;0.03%
03/19/2018;6.3322;-0.04%
03/16/2018;6.335;0.20%
03/15/2018;6.3221;0.06%
03/14/2018;6.318;-0.06%
03/13/2018;6.3217;-0.13%
3/12/2018;6.33;-0.04%
3/9/2018;6.3325;-0.15%
3/8/2018;6.3423;0.27%
3/7/2018;6.3255;0.25%
3/6/2018;6.3098;-0.63%
3/5/2018;6.3496;0.07%
3/2/2018;6.3454;-0.20%
3/1/2018;6.3582;0.43%
02/28/2018;6.3311;0.22%
02/27/2018;6.317;0.01%
02/26/2018;6.3161;-0.33%
02/23/2018;6.3373;-0.20%
02/22/2018;6.35;0.03%
02/21/2018;6.3482;0.00%
02/20/2018;6.3482;0.00%
02/19/2018;6.3482;0.00%
02/16/2018;6.3482;0.00%
02/15/2018;6.3482;0.00%
02/14/2018;6.3482;0.11%
02/13/2018;6.341;0.21%
2/12/2018;6.3275;0.49%
2/9/2018;6.2969;-0.48%
2/8/2018;6.3271;0.92%
2/7/2018;6.2695;-0.22%
2/6/2018;6.2833;-0.11%
2/5/2018;6.29;-0.18%
2/2/2018;6.3015;0.03%
2/1/2018;6.2995;0.17%
01/31/2018;6.2888;-0.56%
01/30/2018;6.324;-0.21%
01/29/2018;6.3375;0.27%
01/26/2018;6.3202;-0.06%
01/25/2018;6.3238;-0.73%
01/24/2018;6.37;-0.54%
01/23/2018;6.4048;-0.01%
01/22/2018;6.4053;0.02%
01/19/2018;6.404;-0.25%
01/18/2018;6.4203;-0.22%
01/17/2018;6.4343;-0.15%
01/16/2018;6.444;0.11%
01/15/2018;6.4371;-0.37%
1/12/2018;6.461;-0.54%
1/11/2018;6.4959;-0.19%
1/10/2018;6.5082;-0.33%
1/9/2018;6.5297;0.46%
1/8/2018;6.4998;0.17%
1/5/2018;6.4887;-0.07%
1/4/2018;6.4933;-0.15%
1/3/2018;6.503;0.15%
1/2/2018;6.4933;-0.21%
1/1/2018;6.5067;0.00%
