Date;Price;Vol.;Change %
12/31/2024;29.17;198.08M;-4.39%
12/30/2024;30.51;120.67M;0.96%
12/27/2024;30.22;179.26M;0.23%
12/26/2024;30.15;81.14M;0.20%
12/25/2024;30.09;94.09M;-0.76%
12/24/2024;30.32;108.20M;1.34%
12/23/2024;29.92;104.59M;-1.38%
12/20/2024;30.34;97.77M;0.03%
12/19/2024;30.33;92.15M;0.13%
12/18/2024;30.29;69.87M;0.20%
12/17/2024;30.23;119.72M;0.67%
12/16/2024;30.03;126.35M;-1.28%
12/13/2024;30.42;201.32M;-3.92%
12/12/2024;31.66;169.46M;1.02%
12/11/2024;31.34;131.15M;-0.44%
12/10/2024;31.48;306.68M;1.16%
12/9/2024;31.12;125.86M;-0.38%
12/6/2024;31.24;205.42M;1.10%
12/5/2024;30.9;115.89M;0.32%
12/4/2024;30.8;117.88M;-0.90%
12/3/2024;31.08;154.23M;-0.61%
12/2/2024;31.27;193.24M;1.69%
11/29/2024;30.75;293.29M;2.95%
11/28/2024;29.87;128.20M;-1.35%
11/27/2024;30.28;178.30M;1.88%
11/26/2024;29.72;136.52M;0.20%
11/25/2024;29.66;231.81M;-2.21%
11/22/2024;30.33;230.58M;-4.89%
11/21/2024;31.89;190.43M;0.47%
11/20/2024;31.74;217.29M;1.41%
11/19/2024;31.3;219.41M;2.05%
11/18/2024;30.67;245.03M;-1.48%
11/15/2024;31.13;302.26M;-4.71%
11/14/2024;32.67;255.44M;-0.76%
11/13/2024;32.92;364.71M;-2.98%
11/12/2024;33.93;414.56M;-2.72%
11/11/2024;34.88;513.31M;0.00%
11/8/2024;34.88;745.43M;2.02%
11/7/2024;34.19;480.45M;10.01%
11/6/2024;31.08;545.10M;2.00%
11/5/2024;30.47;427.44M;4.85%
11/4/2024;29.06;274.29M;3.97%
11/1/2024;27.95;272.16M;-0.60%
10/31/2024;28.12;409.52M;2.40%
10/30/2024;27.46;194.48M;0.84%
10/29/2024;27.23;186.89M;-0.95%
10/28/2024;27.49;134.57M;-0.04%
10/25/2024;27.5;166.57M;0.81%
10/24/2024;27.28;162.90M;-1.05%
10/23/2024;27.57;279.36M;-0.36%
10/22/2024;27.67;223.80M;0.76%
10/21/2024;27.46;363.40M;-1.61%
10/18/2024;27.91;571.18M;6.69%
10/17/2024;26.16;206.52M;-0.95%
10/16/2024;26.41;259.49M;-1.16%
10/15/2024;26.72;278.10M;-2.69%
10/14/2024;27.46;450.42M;-2.52%
10/11/2024;28.17;486.00M;1.51%
10/10/2024;27.75;774.67M;-8.57%
10/9/2024;30.35;1.35B;1.44%
10/8/2024;29.92;147.52M;10.00%
09/30/2024;27.2;394.92M;9.99%
09/27/2024;24.73;279.94M;10.01%
09/26/2024;22.48;309.32M;6.24%
09/25/2024;21.16;300.73M;1.63%
09/24/2024;20.82;286.92M;7.82%
09/23/2024;19.31;53.65M;0.10%
09/20/2024;19.29;62.92M;-0.26%
09/19/2024;19.34;98.94M;2.11%
09/18/2024;18.94;37.93M;0.11%
09/13/2024;18.92;46.15M;0.21%
9/12/2024;18.88;34.13M;-0.63%
9/11/2024;19;46.04M;0.64%
9/10/2024;18.88;53.07M;-0.53%
9/9/2024;18.98;72.90M;-0.42%
9/6/2024;19.06;117.61M;-0.26%
9/5/2024;19.11;52.39M;-0.05%
9/4/2024;19.12;46.71M;0.00%
9/3/2024;19.12;50.87M;1.06%
9/2/2024;18.92;65.40M;-1.92%
08/30/2024;19.29;142.16M;2.66%
08/29/2024;18.79;86.63M;1.95%
08/28/2024;18.43;33.37M;-0.16%
08/27/2024;18.46;40.21M;0.00%
08/26/2024;18.46;58.84M;-3.35%
08/23/2024;19.1;68.66M;1.98%
08/22/2024;18.73;50.24M;-1.00%
08/21/2024;18.92;37.92M;-0.05%
08/20/2024;18.93;41.66M;-0.58%
08/19/2024;19.04;43.31M;-0.31%
08/16/2024;19.1;45.33M;-0.26%
08/15/2024;19.15;83.52M;1.59%
08/14/2024;18.85;46.50M;-1.10%
08/13/2024;19.06;47.47M;1.01%
8/12/2024;18.87;45.07M;-0.11%
8/9/2024;18.89;54.00M;-0.94%
8/8/2024;19.07;64.73M;0.53%
8/7/2024;18.97;57.25M;-0.73%
8/6/2024;19.11;75.06M;-0.05%
8/5/2024;19.12;96.62M;-0.47%
8/2/2024;19.21;97.70M;-1.89%
8/1/2024;19.58;126.44M;-1.11%
07/31/2024;19.8;225.32M;4.65%
07/30/2024;18.92;70.01M;0.21%
07/29/2024;18.88;95.94M;-1.97%
07/26/2024;19.26;113.43M;1.26%
07/25/2024;19.02;130.62M;0.74%
07/24/2024;18.88;168.79M;-1.67%
07/23/2024;19.2;257.12M;-4.90%
07/22/2024;20.19;370.45M;4.13%
07/19/2024;19.39;159.11M;2.21%
07/18/2024;18.97;88.41M;0.64%
07/17/2024;18.85;83.78M;0.64%
07/16/2024;18.73;84.94M;1.46%
07/15/2024;18.46;53.44M;0.54%
7/12/2024;18.36;36.22M;0.22%
7/11/2024;18.32;55.82M;0.83%
7/10/2024;18.17;91.75M;1.74%
7/9/2024;17.86;64.14M;2.06%
7/8/2024;17.5;60.22M;-1.74%
7/5/2024;17.81;78.68M;-1.27%
7/4/2024;18.04;52.01M;-1.85%
7/3/2024;18.38;43.43M;1.04%
7/2/2024;18.19;40.02M;-0.05%
7/1/2024;18.2;46.62M;-0.16%
06/28/2024;18.23;70.74M;-0.92%
06/27/2024;18.4;54.15M;0.00%
06/26/2024;18.4;51.02M;1.55%
06/25/2024;18.12;74.92M;-1.63%
06/24/2024;18.42;51.98M;-0.11%
06/21/2024;18.44;60.42M;0.33%
06/20/2024;18.38;42.32M;-0.81%
06/19/2024;18.53;46.35M;-0.96%
06/18/2024;18.71;57.47M;0.27%
06/17/2024;18.66;59.64M;0.16%
06/14/2024;18.63;121.17M;2.03%
06/13/2024;18.26;46.16M;-0.11%
6/12/2024;18.28;41.59M;-0.33%
6/11/2024;18.34;45.27M;-0.22%
6/7/2024;18.38;57.16M;-0.59%
6/6/2024;18.49;59.23M;-0.27%
6/5/2024;18.54;45.13M;-0.11%
6/4/2024;18.56;48.65M;0.71%
6/3/2024;18.43;58.60M;-1.02%
05/31/2024;18.62;51.96M;0.32%
05/30/2024;18.56;47.55M;-0.48%
05/29/2024;18.65;37.98M;0.16%
05/28/2024;18.62;47.09M;-0.59%
05/27/2024;18.73;58.37M;0.75%
05/24/2024;18.59;72.65M;-1.48%
05/23/2024;18.87;86.32M;-2.28%
05/22/2024;19.31;64.48M;0.36%
05/21/2024;19.24;56.54M;-0.26%
05/20/2024;19.29;132.56M;0.52%
05/17/2024;19.19;101.01M;2.18%
05/16/2024;18.78;60.51M;0.16%
05/15/2024;18.75;77.41M;-1.37%
05/14/2024;19.01;66.90M;0.16%
05/13/2024;18.98;81.42M;-0.42%
5/10/2024;19.06;90.58M;0.79%
5/9/2024;18.91;74.27M;0.69%
5/8/2024;18.78;78.31M;-1.78%
5/7/2024;19.12;65.98M;-0.47%
5/6/2024;19.21;107.83M;1.05%
04/30/2024;19.01;102.24M;-1.91%
04/29/2024;19.38;188.66M;1.15%
04/26/2024;19.16;225.57M;5.39%
04/25/2024;18.18;51.67M;-0.49%
04/24/2024;18.27;54.86M;0.00%
04/23/2024;18.27;66.57M;-0.05%
04/22/2024;18.28;77.96M;0.83%
04/19/2024;18.13;78.23M;-0.44%
04/18/2024;18.21;134.94M;0.61%
04/17/2024;18.1;120.55M;2.67%
04/16/2024;17.63;124.93M;-0.62%
04/15/2024;17.74;179.91M;-1.11%
4/12/2024;17.94;105.76M;-2.18%
4/11/2024;18.34;61.28M;-0.38%
4/10/2024;18.41;97.60M;-2.75%
4/9/2024;18.93;44.88M;0.05%
4/8/2024;18.92;72.46M;-1.25%
4/3/2024;19.16;53.10M;-0.78%
4/2/2024;19.31;68.86M;-0.52%
4/1/2024;19.41;90.71M;1.09%
03/29/2024;19.2;86.72M;-0.57%
03/28/2024;19.31;103.70M;-0.21%
03/27/2024;19.35;68.78M;-1.28%
03/26/2024;19.6;76.40M;0.51%
03/25/2024;19.5;179.97M;-4.88%
03/22/2024;20.5;76.63M;-1.58%
03/21/2024;20.83;68.06M;-0.05%
03/20/2024;20.84;47.95M;0.05%
03/19/2024;20.83;72.47M;-2.02%
03/18/2024;21.26;102.68M;1.87%
03/15/2024;20.87;60.88M;0.34%
03/14/2024;20.8;67.51M;-1.28%
03/13/2024;21.07;63.55M;-1.54%
3/12/2024;21.4;82.09M;0.99%
3/11/2024;21.19;75.84M;1.88%
3/8/2024;20.8;46.54M;-0.05%
3/7/2024;20.81;89.25M;-1.37%
3/6/2024;21.1;65.45M;-0.38%
3/5/2024;21.18;79.04M;0.09%
3/4/2024;21.16;59.07M;-0.75%
3/1/2024;21.32;72.39M;0.09%
02/29/2024;21.3;96.39M;1.43%
02/28/2024;21;117.29M;-2.14%
02/27/2024;21.46;81.03M;0.56%
02/26/2024;21.34;64.64M;-0.84%
02/23/2024;21.52;77.75M;-0.97%
02/22/2024;21.73;109.40M;1.64%
02/21/2024;21.38;128.71M;1.86%
02/20/2024;20.99;88.86M;0.67%
02/19/2024;20.85;95.22M;-1.88%
2/8/2024;21.25;100.94M;0.33%
2/7/2024;21.18;112.17M;0.19%
2/6/2024;21.14;121.03M;4.76%
2/5/2024;20.18;99.70M;0.00%
2/2/2024;20.18;102.22M;-1.27%
2/1/2024;20.44;76.51M;-0.29%
01/31/2024;20.5;79.32M;0.29%
01/30/2024;20.44;90.06M;-0.68%
01/29/2024;20.58;89.35M;-1.20%
01/26/2024;20.83;148.26M;1.31%
01/25/2024;20.56;154.28M;0.19%
01/24/2024;20.52;145.40M;3.74%
01/23/2024;19.78;115.29M;3.40%
01/22/2024;19.13;98.45M;-1.75%
01/19/2024;19.47;69.11M;-0.10%
01/18/2024;19.49;112.14M;1.40%
01/17/2024;19.22;56.15M;-1.84%
01/16/2024;19.58;58.01M;0.51%
01/15/2024;19.48;33.86M;-0.20%
1/12/2024;19.52;39.75M;-0.41%
1/11/2024;19.6;44.79M;0.72%
1/10/2024;19.46;52.60M;0.00%
1/9/2024;19.46;45.85M;0.21%
1/8/2024;19.42;62.57M;-1.87%
1/5/2024;19.79;69.62M;-1.05%
1/4/2024;20;50.39M;-0.89%
1/3/2024;20.18;54.75M;0.55%
1/2/2024;20.07;58.78M;-1.47%
12/29/2023;20.37;64.44M;0.00%
12/28/2023;20.37;87.21M;2.36%
12/27/2023;19.9;63.18M;0.25%
12/26/2023;19.85;40.26M;-0.80%
12/25/2023;20.01;49.80M;-1.33%
12/22/2023;20.28;53.06M;0.05%
12/21/2023;20.27;53.24M;0.55%
12/20/2023;20.16;61.43M;-2.33%
12/19/2023;20.64;48.55M;0.98%
12/18/2023;20.44;42.24M;-0.10%
12/15/2023;20.46;58.94M;-0.20%
12/14/2023;20.5;54.78M;-1.01%
12/13/2023;20.71;66.80M;-1.99%
12/12/2023;21.13;41.82M;-0.38%
12/11/2023;21.21;71.75M;1.24%
12/8/2023;20.95;46.84M;-0.38%
12/7/2023;21.03;43.10M;0.38%
12/6/2023;20.95;46.37M;-0.85%
12/5/2023;21.13;47.73M;-1.31%
12/4/2023;21.41;37.45M;-0.70%
12/1/2023;21.56;49.45M;0.51%
11/30/2023;21.45;47.75M;0.23%
11/29/2023;21.4;49.88M;-0.97%
11/28/2023;21.61;46.34M;-0.37%
11/27/2023;21.69;82.09M;-1.63%
11/24/2023;22.05;46.54M;-0.85%
11/23/2023;22.24;49.88M;0.14%
11/22/2023;22.21;36.46M;-1.02%
11/21/2023;22.44;74.42M;0.40%
11/20/2023;22.35;58.83M;-0.75%
11/17/2023;22.52;48.46M;0.40%
11/16/2023;22.43;46.21M;-0.75%
11/15/2023;22.6;72.85M;-0.09%
11/14/2023;22.62;110.55M;1.48%
11/13/2023;22.29;53.30M;-0.76%
11/10/2023;22.46;56.77M;0.00%
11/9/2023;22.46;61.01M;-0.53%
11/8/2023;22.58;91.89M;-0.92%
11/7/2023;22.79;96.61M;-0.18%
11/6/2023;22.83;193.51M;4.44%
11/3/2023;21.86;89.51M;1.53%
11/2/2023;21.53;48.26M;-0.92%
11/1/2023;21.73;58.17M;0.09%
10/31/2023;21.71;67.28M;0.51%
10/30/2023;21.6;102.88M;-1.95%
10/27/2023;22.03;92.99M;1.06%
10/26/2023;21.8;53.04M;-0.18%
10/25/2023;21.84;78.45M;1.02%
10/24/2023;21.62;76.56M;2.08%
10/23/2023;21.18;54.60M;-1.63%
10/20/2023;21.53;65.42M;-0.14%
10/19/2023;21.56;79.09M;-1.37%
10/18/2023;21.86;46.93M;-0.41%
10/17/2023;21.95;85.77M;2.05%
10/16/2023;21.51;42.44M;-0.05%
10/13/2023;21.52;37.52M;-1.10%
10/12/2023;21.76;57.71M;1.16%
10/11/2023;21.51;39.39M;0.37%
10/10/2023;21.43;40.56M;-1.15%
10/9/2023;21.68;70.77M;0.09%
09/28/2023;21.66;85.44M;-1.68%
09/27/2023;22.03;58.37M;0.23%
09/26/2023;21.98;57.16M;0.37%
09/25/2023;21.9;103.69M;-3.14%
09/22/2023;22.61;127.84M;4.05%
09/21/2023;21.73;49.30M;-0.78%
09/20/2023;21.9;39.33M;-0.54%
09/19/2023;22.02;47.94M;-0.54%
09/18/2023;22.14;59.73M;0.41%
09/15/2023;22.05;74.91M;-1.08%
09/14/2023;22.29;55.98M;0.04%
09/13/2023;22.28;55.90M;-0.49%
9/12/2023;22.39;65.59M;-0.93%
9/11/2023;22.6;112.71M;1.57%
9/8/2023;22.25;73.57M;0.59%
9/7/2023;22.12;85.78M;-0.05%
9/6/2023;22.13;97.80M;-1.12%
9/5/2023;22.38;64.69M;-0.84%
9/4/2023;22.57;99.22M;0.85%
9/1/2023;22.38;99.84M;0.81%
08/31/2023;22.2;121.64M;-1.60%
08/30/2023;22.56;231.63M;-3.51%
08/29/2023;23.38;251.15M;-1.72%
08/28/2023;23.79;505.64M;1.54%
08/25/2023;23.43;134.36M;-0.55%
08/24/2023;23.56;155.64M;3.33%
08/23/2023;22.8;75.23M;-1.81%
08/22/2023;23.22;127.73M;1.22%
08/21/2023;22.94;211.66M;-4.30%
08/18/2023;23.97;160.08M;0.08%
08/17/2023;23.95;133.10M;-0.25%
08/16/2023;24.01;145.31M;-0.41%
08/15/2023;24.11;149.12M;1.52%
08/14/2023;23.75;193.85M;-1.45%
8/11/2023;24.1;280.17M;-4.37%
8/10/2023;25.2;187.21M;1.16%
8/9/2023;24.91;163.92M;0.04%
8/8/2023;24.9;248.82M;0.52%
8/7/2023;24.77;191.97M;0.28%
8/4/2023;24.7;467.78M;1.11%
8/3/2023;24.43;263.39M;2.43%
8/2/2023;23.85;223.96M;0.76%
8/1/2023;23.67;273.84M;-1.78%
07/31/2023;24.1;446.50M;1.82%
07/28/2023;23.67;441.34M;9.99%
07/27/2023;21.52;91.62M;-1.19%
07/26/2023;21.78;128.43M;0.93%
07/25/2023;21.58;259.00M;5.84%
07/24/2023;20.39;39.67M;0.15%
07/21/2023;20.36;44.54M;0.30%
07/20/2023;20.3;44.11M;-0.54%
07/19/2023;20.41;38.72M;0.59%
07/18/2023;20.29;27.43M;0.05%
07/17/2023;20.28;34.94M;-1.07%
07/14/2023;20.5;44.51M;0.15%
07/13/2023;20.47;80.38M;1.94%
7/12/2023;20.08;31.56M;-0.79%
7/11/2023;20.24;35.39M;0.60%
7/10/2023;20.12;33.94M;-0.05%
7/7/2023;20.13;41.51M;0.40%
7/6/2023;20.05;42.14M;-0.50%
7/5/2023;20.15;34.37M;-0.64%
7/4/2023;20.28;46.24M;0.20%
7/3/2023;20.24;87.16M;2.33%
06/30/2023;19.78;51.83M;1.75%
06/29/2023;19.44;29.59M;-0.31%
06/28/2023;19.5;38.41M;0.05%
06/27/2023;19.49;37.67M;1.04%
06/26/2023;19.29;83.40M;-2.82%
06/21/2023;19.85;51.23M;-1.05%
06/20/2023;20.06;60.14M;-0.45%
06/19/2023;20.15;67.96M;-1.18%
06/16/2023;20.39;70.24M;0.44%
06/15/2023;20.3;83.09M;1.50%
06/14/2023;20;75.62M;0.10%
06/13/2023;19.98;51.00M;0.65%
6/12/2023;19.85;89.76M;-1.64%
6/9/2023;20.18;51.07M;-0.10%
6/8/2023;20.2;77.14M;1.66%
6/7/2023;19.87;47.68M;0.20%
6/6/2023;19.83;74.10M;-0.85%
6/5/2023;20;61.30M;-0.94%
6/2/2023;20.19;88.26M;0.45%
6/1/2023;20.1;75.01M;0.25%
05/31/2023;20.05;98.25M;-1.52%
05/30/2023;20.36;65.59M;0.05%
05/29/2023;20.35;50.02M;-0.10%
05/26/2023;20.37;45.77M;0.25%
05/25/2023;20.32;66.01M;0.20%
05/24/2023;20.28;109.01M;-2.73%
05/23/2023;20.85;77.39M;-2.11%
05/22/2023;21.3;48.50M;0.05%
05/19/2023;21.29;76.68M;-1.75%
05/18/2023;21.67;60.47M;0.05%
05/17/2023;21.66;48.33M;-0.64%
05/16/2023;21.8;80.49M;-0.09%
05/15/2023;21.82;112.29M;1.49%
5/12/2023;21.5;85.13M;-1.38%
5/11/2023;21.8;83.09M;-0.41%
5/10/2023;21.89;210.34M;-3.74%
5/9/2023;22.74;402.37M;0.22%
5/8/2023;22.69;283.88M;3.47%
5/5/2023;21.93;218.31M;3.10%
5/4/2023;21.27;107.03M;1.19%
04/28/2023;21.02;126.83M;-0.05%
04/27/2023;21.03;88.64M;1.94%
04/26/2023;20.63;65.19M;-0.43%
04/25/2023;20.72;74.55M;0.48%
04/24/2023;20.62;71.30M;-0.91%
04/21/2023;20.81;95.29M;-3.43%
04/20/2023;21.55;56.85M;0.33%
04/19/2023;21.48;65.87M;-1.15%
04/18/2023;21.73;99.06M;-0.23%
04/17/2023;21.78;162.42M;3.96%
04/14/2023;20.95;48.10M;0.05%
04/13/2023;20.94;64.72M;-1.87%
4/12/2023;21.34;61.28M;0.00%
4/11/2023;21.34;116.14M;1.04%
4/10/2023;21.12;84.97M;-0.24%
4/7/2023;21.17;79.00M;1.34%
4/6/2023;20.89;56.68M;-0.85%
4/4/2023;21.07;99.25M;0.33%
4/3/2023;21;128.56M;2.54%
03/31/2023;20.48;39.03M;0.00%
03/30/2023;20.48;57.69M;1.34%
03/29/2023;20.21;48.10M;-0.88%
03/28/2023;20.39;38.03M;-0.05%
03/27/2023;20.4;51.39M;-0.58%
03/24/2023;20.52;42.87M;0.15%
03/23/2023;20.49;50.90M;0.94%
03/22/2023;20.3;54.00M;0.45%
03/21/2023;20.21;43.85M;0.80%
03/20/2023;20.05;65.19M;-0.55%
03/17/2023;20.16;88.16M;1.26%
03/16/2023;19.91;47.29M;-0.70%
03/15/2023;20.05;49.52M;0.96%
03/14/2023;19.86;56.90M;-1.34%
03/13/2023;20.13;44.61M;0.70%
3/10/2023;19.99;58.71M;-1.43%
3/9/2023;20.28;44.24M;-0.39%
3/8/2023;20.36;67.68M;-0.73%
3/7/2023;20.51;120.11M;-0.87%
3/6/2023;20.69;87.75M;-2.27%
3/3/2023;21.17;71.04M;1.39%
3/2/2023;20.88;39.57M;-0.10%
3/1/2023;20.9;57.09M;1.21%
02/28/2023;20.65;41.84M;1.03%
02/27/2023;20.44;37.44M;-0.73%
02/24/2023;20.59;76.03M;-2.09%
02/23/2023;21.03;69.46M;1.11%
02/22/2023;20.8;69.02M;-1.38%
02/21/2023;21.09;71.73M;0.24%
02/20/2023;21.04;96.55M;3.95%
02/17/2023;20.24;53.47M;-1.60%
02/16/2023;20.57;75.47M;-0.87%
02/15/2023;20.75;44.15M;-0.81%
02/14/2023;20.92;37.83M;-0.05%
02/13/2023;20.93;47.06M;-0.14%
2/10/2023;20.96;38.99M;-0.99%
2/9/2023;21.17;50.57M;1.44%
2/8/2023;20.87;30.75M;-0.14%
2/7/2023;20.9;41.63M;0.24%
2/6/2023;20.85;78.87M;-2.39%
2/3/2023;21.36;81.98M;-0.33%
2/2/2023;21.43;194.37M;-2.99%
2/1/2023;22.09;100.56M;3.18%
01/31/2023;21.41;82.91M;-0.93%
01/30/2023;21.61;127.82M;-0.28%
01/20/2023;21.67;71.08M;0.23%
01/19/2023;21.62;67.82M;1.12%
01/18/2023;21.38;59.34M;-1.16%
01/17/2023;21.63;80.71M;0.42%
01/16/2023;21.54;236.62M;3.81%
01/13/2023;20.75;82.86M;1.42%
1/12/2023;20.46;38.78M;0.59%
1/11/2023;20.34;55.27M;-0.49%
1/10/2023;20.44;47.98M;-1.02%
1/9/2023;20.65;78.61M;1.18%
1/6/2023;20.41;50.33M;-0.15%
1/5/2023;20.44;78.06M;1.44%
1/4/2023;20.15;49.26M;1.26%
1/3/2023;19.9;69.29M;-0.05%
12/30/2022;19.91;44.87M;0.66%
12/29/2022;19.78;48.37M;-1.35%
12/28/2022;20.05;31.37M;-0.45%
12/27/2022;20.14;59.67M;2.39%
12/26/2022;19.67;34.22M;-0.61%
12/23/2022;19.79;35.49M;-0.40%
12/22/2022;19.87;46.86M;0.66%
12/21/2022;19.74;29.53M;0.15%
12/20/2022;19.71;48.81M;-1.25%
12/19/2022;19.96;68.28M;-2.20%
12/16/2022;20.41;59.45M;0.69%
12/15/2022;20.27;43.31M;-1.31%
12/14/2022;20.54;59.06M;1.18%
12/13/2022;20.3;59.77M;0.30%
12/12/2022;20.24;69.43M;-1.94%
12/9/2022;20.64;84.41M;0.63%
12/8/2022;20.51;63.25M;-0.39%
12/7/2022;20.59;76.08M;-1.48%
12/6/2022;20.9;125.16M;0.34%
12/5/2022;20.83;168.08M;5.04%
12/2/2022;19.83;58.59M;-0.70%
12/1/2022;19.97;197.95M;0.76%
11/30/2022;19.82;105.57M;0.41%
11/29/2022;19.74;121.27M;3.84%
11/28/2022;19.01;53.68M;-1.76%
11/25/2022;19.35;54.24M;1.31%
11/24/2022;19.1;40.62M;-0.62%
11/23/2022;19.22;48.76M;0.31%
11/22/2022;19.16;53.51M;1.64%
11/21/2022;18.85;46.04M;-1.57%
11/18/2022;19.15;56.59M;-1.59%
11/17/2022;19.46;51.36M;0.15%
11/16/2022;19.43;73.02M;-1.87%
11/15/2022;19.8;142.48M;3.12%
11/14/2022;19.2;134.06M;1.27%
11/11/2022;18.96;124.79M;2.88%
11/10/2022;18.43;61.77M;0.99%
11/9/2022;18.25;33.36M;-0.16%
11/8/2022;18.28;37.21M;0.05%
11/7/2022;18.27;59.81M;0.11%
11/4/2022;18.25;86.27M;2.93%
11/3/2022;17.73;37.76M;-1.01%
11/2/2022;17.91;65.15M;0.06%
11/1/2022;17.9;83.41M;4.01%
10/31/2022;17.21;61.83M;-0.06%
10/28/2022;17.22;59.47M;-2.16%
10/27/2022;17.6;51.27M;0.40%
10/26/2022;17.53;69.52M;0.00%
10/25/2022;17.53;73.67M;-1.30%
10/24/2022;17.76;85.25M;-2.42%
10/21/2022;18.2;70.20M;0.55%
10/20/2022;18.1;46.23M;0.00%
10/19/2022;18.1;43.56M;-0.39%
10/18/2022;18.17;37.60M;-0.06%
10/17/2022;18.18;39.55M;0.61%
10/14/2022;18.07;62.16M;2.03%
10/13/2022;17.71;41.44M;-0.45%
10/12/2022;17.79;56.26M;2.30%
10/11/2022;17.39;39.32M;0.35%
10/10/2022;17.33;44.46M;-0.52%
09/30/2022;17.42;41.24M;0.11%
09/29/2022;17.4;56.83M;-1.81%
09/28/2022;17.72;54.43M;-1.94%
09/27/2022;18.07;59.66M;0.28%
09/26/2022;18.02;47.78M;-1.85%
09/23/2022;18.36;37.68M;-0.16%
09/22/2022;18.39;32.70M;-0.22%
09/21/2022;18.43;48.11M;0.05%
09/20/2022;18.42;44.78M;0.00%
09/19/2022;18.42;65.88M;0.00%
09/16/2022;18.42;191.86M;-5.68%
09/15/2022;19.53;61.60M;-0.26%
09/14/2022;19.58;52.35M;-1.26%
09/13/2022;19.83;62.23M;0.25%
9/9/2022;19.78;100.74M;2.43%
9/8/2022;19.31;37.48M;-0.31%
9/7/2022;19.37;31.91M;-0.56%
9/6/2022;19.48;59.98M;1.09%
9/5/2022;19.27;43.06M;0.16%
9/2/2022;19.24;44.62M;-0.31%
9/1/2022;19.3;53.01M;-1.13%
08/31/2022;19.52;88.92M;1.40%
08/30/2022;19.25;60.91M;-0.62%
08/29/2022;19.37;39.99M;-0.15%
08/26/2022;19.4;64.86M;-3.58%
08/25/2022;20.12;96.16M;2.97%
08/24/2022;19.54;76.82M;-1.81%
08/23/2022;19.9;51.53M;-0.25%
08/22/2022;19.95;36.27M;-0.15%
08/19/2022;19.98;37.31M;-0.20%
08/18/2022;20.02;37.19M;-0.89%
08/17/2022;20.2;77.62M;1.30%
08/16/2022;19.94;37.11M;-0.05%
08/15/2022;19.95;50.23M;-0.55%
8/12/2022;20.06;74.18M;-0.55%
8/11/2022;20.17;139.73M;3.54%
8/10/2022;19.48;48.72M;0.52%
8/9/2022;19.38;50.55M;-0.26%
8/8/2022;19.43;47.09M;0.67%
8/5/2022;19.3;70.25M;2.44%
8/4/2022;18.84;61.98M;0.48%
8/3/2022;18.75;56.15M;-0.27%
8/2/2022;18.8;95.61M;-2.79%
8/1/2022;19.34;56.16M;-1.33%
07/29/2022;19.6;58.24M;-1.36%
07/28/2022;19.87;59.54M;0.30%
07/27/2022;19.81;32.67M;-0.10%
07/26/2022;19.83;34.39M;0.86%
07/25/2022;19.66;46.35M;-1.11%
07/22/2022;19.88;47.14M;0.56%
07/21/2022;19.77;42.68M;-1.05%
07/20/2022;19.98;47.16M;0.10%
07/19/2022;19.96;56.73M;0.45%
07/18/2022;19.87;62.23M;1.53%
07/15/2022;19.57;84.48M;-2.25%
07/14/2022;20.02;56.54M;-0.99%
07/13/2022;20.22;54.40M;0.00%
7/12/2022;20.22;72.84M;0.10%
7/11/2022;20.2;101.98M;-2.27%
7/8/2022;20.67;70.93M;-1.05%
7/7/2022;20.89;56.55M;-0.14%
7/6/2022;20.92;78.22M;-1.13%
7/5/2022;21.16;97.83M;-1.31%
7/4/2022;21.44;97.44M;0.47%
7/1/2022;21.34;76.24M;-1.48%
06/30/2022;21.66;105.08M;1.17%
06/29/2022;21.41;102.49M;-1.56%
06/28/2022;21.75;130.72M;-0.23%
06/27/2022;21.8;114.78M;0.79%
06/24/2022;21.63;135.35M;-0.64%
06/23/2022;21.77;218.98M;4.87%
06/22/2022;20.76;108.70M;-1.19%
06/21/2022;21.01;130.35M;1.40%
06/20/2022;20.72;112.34M;-0.48%
06/17/2022;20.82;147.74M;0.00%
06/16/2022;20.82;245.64M;-4.80%
06/15/2022;21.87;387.08M;3.60%
06/14/2022;21.11;204.17M;4.14%
06/13/2022;20.27;119.97M;-2.50%
6/10/2022;20.79;137.84M;2.77%
6/9/2022;20.23;112.64M;-0.64%
6/8/2022;20.36;112.34M;1.24%
6/7/2022;20.11;121.89M;0.75%
6/6/2022;19.96;106.52M;1.42%
6/2/2022;19.68;73.08M;0.36%
6/1/2022;19.61;58.58M;-0.91%
05/31/2022;19.79;74.05M;1.49%
05/30/2022;19.5;51.41M;-0.56%
05/27/2022;19.61;55.15M;-0.05%
05/26/2022;19.62;66.04M;1.61%
05/25/2022;19.31;43.33M;0.36%
05/24/2022;19.24;62.81M;-2.34%
05/23/2022;19.7;57.71M;-0.25%
05/20/2022;19.75;92.18M;1.96%
05/19/2022;19.37;48.80M;-0.77%
05/18/2022;19.52;77.29M;1.04%
05/17/2022;19.32;60.01M;1.31%
05/16/2022;19.07;59.13M;-1.14%
05/13/2022;19.29;56.16M;1.05%
5/12/2022;19.09;53.28M;-0.21%
5/11/2022;19.13;97.68M;0.63%
5/10/2022;19.01;69.57M;1.49%
5/9/2022;18.73;42.20M;-0.37%
5/6/2022;18.8;66.92M;-2.99%
5/5/2022;19.38;81.89M;-1.57%
04/29/2022;19.69;157.14M;4.90%
04/28/2022;18.77;78.34M;-0.21%
04/27/2022;18.81;103.66M;2.62%
04/26/2022;18.33;145.89M;-4.68%
04/25/2022;19.23;105.14M;-3.27%
04/22/2022;19.88;73.90M;0.20%
04/21/2022;19.84;83.65M;-0.35%
04/20/2022;19.91;71.21M;-1.53%
04/19/2022;20.22;57.39M;-0.35%
04/18/2022;20.29;92.58M;-2.83%
04/15/2022;20.88;77.07M;-0.43%
04/14/2022;20.97;99.29M;1.30%
04/13/2022;20.7;92.86M;-1.90%
4/12/2022;21.1;115.70M;3.08%
4/11/2022;20.47;88.91M;-2.89%
4/8/2022;21.08;95.10M;1.93%
4/7/2022;20.68;72.48M;-2.08%
4/6/2022;21.12;66.71M;0.00%
4/1/2022;21.12;100.03M;1.05%
03/31/2022;20.9;68.82M;-0.81%
03/30/2022;21.07;134.04M;4.05%
03/29/2022;20.25;53.24M;-1.03%
03/28/2022;20.46;65.00M;0.44%
03/25/2022;20.37;61.64M;-1.50%
03/24/2022;20.68;54.08M;-0.77%
03/23/2022;20.84;54.95M;-0.05%
03/22/2022;20.85;66.48M;0.19%
03/21/2022;20.81;118.24M;-2.98%
03/18/2022;21.45;145.06M;3.52%
03/17/2022;20.72;162.89M;-0.53%
03/16/2022;20.83;231.06M;6.22%
03/15/2022;19.61;156.70M;-4.43%
03/14/2022;20.52;81.27M;-1.82%
3/11/2022;20.9;154.70M;1.16%
3/10/2022;20.66;123.47M;-0.48%
3/9/2022;20.76;138.21M;-1.61%
3/8/2022;21.1;118.33M;-2.94%
3/7/2022;21.74;141.96M;-4.36%
3/4/2022;22.73;79.03M;-2.03%
3/3/2022;23.2;57.81M;0.61%
3/2/2022;23.06;68.86M;-1.33%
3/1/2022;23.37;76.81M;0.17%
02/28/2022;23.33;61.45M;0.04%
02/25/2022;23.32;72.76M;-0.60%
02/24/2022;23.46;133.85M;-3.26%
02/23/2022;24.25;76.32M;0.92%
02/22/2022;24.03;106.58M;-2.00%
02/21/2022;24.52;62.93M;-0.49%
02/18/2022;24.64;51.12M;1.36%
02/17/2022;24.31;62.81M;-0.94%
02/16/2022;24.54;68.42M;-0.61%
02/15/2022;24.69;80.51M;-0.44%
02/14/2022;24.8;99.63M;-3.46%
2/11/2022;25.69;115.99M;1.42%
2/10/2022;25.33;62.94M;0.08%
2/9/2022;25.31;79.96M;-0.24%
2/8/2022;25.37;84.62M;0.36%
2/7/2022;25.28;117.85M;2.76%
01/28/2022;24.6;179.88M;1.86%
01/27/2022;24.15;224.92M;-6.03%
01/18/2022;25.7;131.03M;0.12%
01/17/2022;25.67;161.96M;2.56%
01/14/2022;25.03;185.10M;-5.05%
01/13/2022;26.36;114.44M;0.73%
1/12/2022;26.17;60.59M;0.81%
1/11/2022;25.96;65.89M;0.50%
1/10/2022;25.83;45.87M;0.43%
1/7/2022;25.72;57.22M;1.18%
1/6/2022;25.42;89.90M;-2.00%
1/5/2022;25.94;98.24M;-1.89%
1/4/2022;26.44;60.63M;0.11%
12/31/2021;26.41;67.05M;0.15%
12/30/2021;26.37;78.14M;1.89%
12/29/2021;25.88;48.60M;-0.65%
12/28/2021;26.05;54.91M;0.19%
12/27/2021;26;45.19M;1.21%
12/24/2021;25.69;50.00M;-0.93%
12/23/2021;25.93;44.80M;0.19%
12/22/2021;25.88;39.87M;-0.88%
12/21/2021;26.11;53.08M;0.89%
12/20/2021;25.88;74.91M;-1.56%
12/17/2021;26.29;66.58M;-1.35%
12/16/2021;26.65;59.02M;0.95%
12/15/2021;26.4;67.84M;0.30%
12/14/2021;26.32;91.01M;-1.31%
12/13/2021;26.67;154.82M;0.87%
12/10/2021;26.44;121.40M;-1.64%
12/9/2021;26.88;189.59M;1.47%
12/8/2021;26.49;141.81M;1.30%
12/7/2021;26.15;183.70M;0.93%
12/6/2021;25.91;316.42M;4.56%
12/3/2021;24.78;104.57M;1.56%
12/2/2021;24.4;73.97M;0.70%
12/1/2021;24.23;84.25M;1.94%
11/30/2021;23.77;61.88M;-0.13%
11/29/2021;23.8;63.22M;-0.50%
11/26/2021;23.92;47.07M;-0.71%
11/25/2021;24.09;45.11M;-0.41%
11/24/2021;24.19;51.68M;-0.08%
11/23/2021;24.21;64.60M;-0.33%
11/22/2021;24.29;69.69M;-0.04%
11/19/2021;24.3;79.66M;0.91%
11/18/2021;24.08;78.50M;0.17%
11/17/2021;24.04;67.81M;0.12%
11/16/2021;24.01;228.15M;-4.80%
11/15/2021;25.22;64.21M;-0.47%
11/12/2021;25.34;108.86M;-1.59%
11/11/2021;25.75;145.56M;2.96%
11/10/2021;25.01;105.74M;-2.23%
11/9/2021;25.58;56.36M;0.47%
11/8/2021;25.46;56.82M;0.39%
11/5/2021;25.36;54.52M;-0.31%
11/4/2021;25.44;63.04M;0.20%
11/3/2021;25.39;57.03M;-0.55%
11/2/2021;25.53;89.88M;-1.73%
11/1/2021;25.98;97.96M;0.39%
10/29/2021;25.88;164.18M;4.57%
10/28/2021;24.75;64.84M;0.32%
10/27/2021;24.67;80.22M;-2.34%
10/26/2021;25.26;60.90M;-1.52%
10/25/2021;25.65;80.87M;0.75%
10/22/2021;25.46;69.22M;1.19%
10/21/2021;25.16;63.26M;0.64%
10/20/2021;25;50.33M;-0.20%
10/19/2021;25.05;51.16M;0.28%
10/18/2021;24.98;48.68M;0.08%
10/15/2021;24.96;62.08M;0.81%
10/14/2021;24.76;49.32M;0.20%
10/13/2021;24.71;60.04M;-0.60%
10/12/2021;24.86;112.57M;-3.12%
10/11/2021;25.66;58.94M;-0.35%
10/8/2021;25.75;75.13M;1.86%
09/30/2021;25.28;83.43M;-1.29%
09/29/2021;25.61;94.43M;-0.97%
09/28/2021;25.86;71.11M;0.82%
09/27/2021;25.65;95.22M;-1.50%
09/24/2021;26.04;81.70M;-0.61%
09/23/2021;26.2;104.00M;1.99%
09/22/2021;25.69;89.57M;-1.00%
09/17/2021;25.95;107.76M;1.84%
09/16/2021;25.48;134.77M;-2.90%
09/15/2021;26.24;108.91M;-0.91%
09/14/2021;26.48;160.23M;-2.61%
09/13/2021;27.19;121.57M;-0.29%
9/10/2021;27.27;215.25M;2.02%
9/9/2021;26.73;119.92M;-0.63%
9/8/2021;26.9;156.66M;-0.92%
9/7/2021;27.15;209.61M;1.23%
9/6/2021;26.82;180.08M;0.86%
9/3/2021;26.59;282.58M;-1.85%
9/2/2021;27.09;260.44M;0.74%
9/1/2021;26.89;437.52M;4.71%
08/31/2021;25.68;306.29M;5.51%
08/30/2021;24.34;138.61M;-1.58%
08/27/2021;24.73;103.83M;0.61%
08/26/2021;24.58;104.46M;-1.36%
08/25/2021;24.92;135.37M;-0.88%
08/24/2021;25.14;220.88M;2.91%
08/23/2021;24.43;116.46M;0.78%
08/20/2021;24.24;136.33M;-1.62%
08/19/2021;24.64;198.18M;-2.42%
08/18/2021;25.25;316.22M;5.60%
08/17/2021;23.91;183.94M;-0.42%
08/16/2021;24.01;121.34M;-0.37%
08/13/2021;24.1;110.27M;1.52%
8/12/2021;23.74;72.61M;0.17%
8/11/2021;23.7;101.87M;-0.29%
8/10/2021;23.77;108.18M;1.06%
8/9/2021;23.52;112.83M;1.91%
8/6/2021;23.08;60.13M;0.92%
8/5/2021;22.87;77.86M;-1.68%
8/4/2021;23.26;69.39M;-0.30%
8/3/2021;23.33;112.31M;0.26%
8/2/2021;23.27;147.75M;3.01%
07/30/2021;22.59;89.69M;-1.87%
07/29/2021;23.02;85.80M;0.66%
07/28/2021;22.87;82.21M;-0.17%
07/27/2021;22.91;101.89M;-2.51%
07/26/2021;23.5;123.68M;-3.05%
07/23/2021;24.24;140.42M;0.46%
07/22/2021;24.13;101.47M;1.30%
07/21/2021;23.82;84.45M;0.89%
07/20/2021;23.61;45.97M;-0.80%
07/19/2021;23.8;65.18M;-0.13%
07/16/2021;23.83;91.08M;0.68%
07/15/2021;23.67;72.79M;1.50%
07/14/2021;23.32;80.29M;-1.69%
07/13/2021;23.72;61.63M;-0.71%
7/12/2021;23.89;104.79M;1.62%
7/9/2021;23.51;62.95M;-0.38%
7/8/2021;23.6;66.20M;-0.17%
7/7/2021;23.64;60.34M;-0.17%
7/6/2021;23.68;60.06M;0.64%
7/5/2021;23.53;67.82M;-0.51%
7/2/2021;23.65;122.95M;-4.13%
7/1/2021;24.67;105.50M;-1.08%
06/30/2021;24.94;74.68M;0.56%
06/29/2021;24.8;78.46M;-1.31%
06/28/2021;25.13;94.08M;-1.49%
06/25/2021;25.51;165.83M;2.04%
06/24/2021;25;86.78M;0.97%
06/23/2021;24.76;72.42M;0.41%
06/22/2021;24.66;60.92M;0.65%
06/21/2021;24.5;76.19M;-0.61%
06/18/2021;24.65;75.68M;0.45%
06/17/2021;24.54;59.94M;-0.45%
06/16/2021;24.65;64.02M;0.28%
06/15/2021;24.58;79.25M;-1.44%
6/11/2021;24.94;129.02M;-2.81%
6/10/2021;25.66;81.99M;-0.27%
6/9/2021;25.73;72.41M;-0.73%
6/8/2021;25.92;109.29M;-0.54%
6/7/2021;26.06;136.61M;2.04%
6/4/2021;25.54;136.77M;1.43%
6/3/2021;25.18;78.23M;-0.08%
6/2/2021;25.2;97.65M;-2.21%
6/1/2021;25.77;104.70M;-1.30%
05/31/2021;26.11;92.41M;-0.27%
05/28/2021;26.18;139.29M;1.00%
05/27/2021;25.92;111.91M;0.15%
05/26/2021;25.88;194.09M;-1.33%
05/25/2021;26.23;291.18M;3.96%
05/24/2021;25.23;140.01M;2.52%
05/21/2021;24.61;82.75M;-1.80%
05/20/2021;25.06;110.91M;1.13%
05/19/2021;24.78;80.66M;0.04%
05/18/2021;24.77;92.56M;-0.48%
05/17/2021;24.89;212.86M;-2.16%
05/14/2021;25.44;332.62M;7.66%
05/13/2021;23.63;55.69M;-1.29%
5/12/2021;23.94;57.02M;0.29%
5/11/2021;23.87;68.06M;0.42%
5/10/2021;23.77;66.27M;1.41%
5/7/2021;23.44;83.76M;-2.33%
5/6/2021;24;98.14M;0.63%
04/30/2021;23.85;106.94M;0.25%
04/29/2021;23.79;159.26M;3.98%
04/28/2021;22.88;48.52M;0.57%
04/27/2021;22.75;70.62M;-1.30%
04/26/2021;23.05;71.50M;-1.50%
04/23/2021;23.4;49.38M;-0.34%
04/22/2021;23.48;54.54M;-0.51%
04/21/2021;23.6;40.77M;-0.72%
04/20/2021;23.77;62.82M;-1.04%
04/19/2021;24.02;84.80M;1.48%
04/16/2021;23.67;51.97M;1.24%
04/15/2021;23.38;48.10M;-0.85%
04/14/2021;23.58;50.42M;0.90%
04/13/2021;23.37;46.25M;0.30%
4/12/2021;23.3;59.00M;-1.27%
4/9/2021;23.6;68.65M;-1.63%
4/8/2021;23.99;60.92M;-0.25%
4/7/2021;24.05;59.42M;-0.41%
4/6/2021;24.15;72.63M;0.08%
4/2/2021;24.13;61.46M;-0.12%
4/1/2021;24.16;58.43M;1.13%
03/31/2021;23.89;54.74M;-1.53%
03/30/2021;24.26;53.65M;0.00%
03/29/2021;24.26;79.64M;1.17%
03/26/2021;23.98;53.85M;0.33%
03/25/2021;23.9;47.60M;-0.58%
03/24/2021;24.04;93.13M;-0.08%
03/23/2021;24.06;76.06M;-0.37%
03/22/2021;24.15;105.31M;0.71%
03/19/2021;23.98;121.01M;1.83%
03/18/2021;23.55;68.66M;-0.38%
03/17/2021;23.64;75.37M;1.03%
03/16/2021;23.4;60.21M;0.60%
03/15/2021;23.26;89.76M;-2.19%
3/12/2021;23.78;115.65M;-1.04%
3/11/2021;24.03;79.35M;1.44%
3/10/2021;23.69;87.63M;-0.25%
3/9/2021;23.75;130.53M;-3.22%
3/8/2021;24.54;120.37M;-2.04%
3/5/2021;25.05;114.98M;0.97%
3/4/2021;24.81;128.80M;-2.21%
3/3/2021;25.37;97.03M;0.83%
3/2/2021;25.16;149.00M;-1.80%
3/1/2021;25.62;280.31M;-5.98%
02/26/2021;27.25;109.78M;-1.73%
02/25/2021;27.73;137.93M;1.13%
02/24/2021;27.42;95.86M;-0.65%
02/23/2021;27.6;98.66M;-0.61%
02/22/2021;27.77;167.62M;-2.97%
02/19/2021;28.62;139.27M;2.43%
02/18/2021;27.94;131.08M;0.25%
2/10/2021;27.87;115.79M;-0.43%
2/9/2021;27.99;139.53M;2.45%
2/8/2021;27.32;92.63M;1.11%
2/5/2021;27.02;92.50M;-0.26%
2/4/2021;27.09;179.87M;-3.15%
2/3/2021;27.97;95.82M;-0.67%
2/2/2021;28.16;143.52M;-0.49%
2/1/2021;28.3;88.65M;-0.18%
01/29/2021;28.35;122.96M;-0.53%
01/28/2021;28.5;130.05M;-0.73%
01/27/2021;28.71;100.69M;-0.24%
01/26/2021;28.78;189.74M;-3.97%
01/25/2021;29.97;190.17M;-1.19%
01/22/2021;30.33;198.89M;-2.69%
01/21/2021;31.17;239.86M;0.23%
01/20/2021;31.1;216.62M;2.13%
01/19/2021;30.45;214.39M;0.33%
01/18/2021;30.35;169.55M;0.56%
01/15/2021;30.18;167.94M;-0.07%
01/14/2021;30.2;210.34M;-2.42%
01/13/2021;30.95;355.98M;-3.37%
1/12/2021;32.03;516.16M;9.39%
1/11/2021;29.28;172.54M;-2.59%
1/8/2021;30.06;220.74M;1.04%
1/7/2021;29.75;172.97M;0.44%
1/6/2021;29.62;205.74M;1.65%
1/5/2021;29.14;165.55M;-0.14%
1/4/2021;29.18;194.55M;-0.75%
12/31/2020;29.4;216.59M;3.16%
12/30/2020;28.5;105.01M;1.24%
12/29/2020;28.15;81.81M;0.61%
12/28/2020;27.98;74.04M;-0.14%
12/25/2020;28.02;75.96M;-0.14%
12/24/2020;28.06;61.19M;-0.50%
12/23/2020;28.2;77.78M;0.68%
12/22/2020;28.01;122.57M;-3.51%
12/21/2020;29.03;66.58M;0.76%
12/18/2020;28.81;66.38M;-1.40%
12/17/2020;29.22;98.18M;2.13%
12/16/2020;28.61;59.94M;-0.69%
12/15/2020;28.81;72.80M;-0.10%
12/14/2020;28.84;54.48M;0.31%
12/11/2020;28.75;101.14M;-1.41%
12/10/2020;29.16;105.44M;-0.44%
12/9/2020;29.29;109.93M;-2.40%
12/8/2020;30.01;74.33M;0.00%
12/7/2020;30.01;89.86M;-0.96%
12/4/2020;30.3;122.82M;-1.94%
12/3/2020;30.9;95.76M;-0.58%
12/2/2020;31.08;156.77M;-0.70%
12/1/2020;31.3;227.76M;3.30%
11/30/2020;30.3;299.79M;1.07%
11/27/2020;29.98;111.44M;2.32%
11/26/2020;29.3;62.00M;0.27%
11/25/2020;29.22;84.26M;-1.05%
11/24/2020;29.53;88.56M;-1.24%
11/23/2020;29.9;151.54M;1.63%
11/20/2020;29.42;55.35M;0.31%
11/19/2020;29.33;72.36M;0.62%
11/18/2020;29.15;85.97M;0.07%
11/17/2020;29.13;65.99M;0.55%
11/16/2020;28.97;61.82M;0.91%
11/13/2020;28.71;82.06M;-1.41%
11/12/2020;29.12;54.35M;-0.48%
11/11/2020;29.26;70.97M;-1.65%
11/10/2020;29.75;116.13M;-1.72%
11/9/2020;30.27;176.74M;3.52%
11/6/2020;29.24;88.00M;0.17%
11/5/2020;29.19;92.95M;1.60%
11/4/2020;28.73;69.41M;0.00%
11/3/2020;28.73;97.86M;2.31%
11/2/2020;28.08;137.28M;-1.92%
10/30/2020;28.63;103.39M;-3.34%
10/29/2020;29.62;103.83M;1.23%
10/28/2020;29.26;77.69M;1.00%
10/27/2020;28.97;87.77M;-0.17%
10/26/2020;29.02;138.44M;-3.59%
10/23/2020;30.1;78.83M;-1.12%
10/22/2020;30.44;76.70M;0.03%
10/21/2020;30.43;67.50M;-0.72%
10/20/2020;30.65;85.88M;-0.74%
10/19/2020;30.88;96.89M;-0.64%
10/16/2020;31.08;65.92M;0.36%
10/15/2020;30.97;63.15M;0.06%
10/14/2020;30.95;73.67M;-1.28%
10/13/2020;31.35;92.76M;-1.17%
10/12/2020;31.72;163.38M;3.66%
10/9/2020;30.6;81.71M;1.90%
09/30/2020;30.03;74.33M;-0.76%
09/29/2020;30.26;70.81M;0.13%
09/28/2020;30.22;60.85M;0.07%
09/25/2020;30.2;80.36M;0.83%
09/24/2020;29.95;80.64M;-1.19%
09/23/2020;30.31;69.22M;-1.01%
09/22/2020;30.62;126.15M;-1.00%
09/21/2020;30.93;164.74M;0.10%
09/18/2020;30.9;197.76M;4.36%
09/17/2020;29.61;118.17M;-2.05%
09/16/2020;30.23;80.79M;0.03%
09/15/2020;30.22;77.34M;0.57%
09/14/2020;30.05;65.52M;-0.13%
9/11/2020;30.09;81.85M;0.30%
9/10/2020;30;106.26M;-0.30%
9/9/2020;30.09;113.51M;-1.83%
9/8/2020;30.65;140.28M;2.47%
9/7/2020;29.91;153.56M;-3.64%
9/4/2020;31.04;112.78M;-1.52%
9/3/2020;31.52;126.48M;-1.19%
9/2/2020;31.9;145.02M;-0.65%
9/1/2020;32.11;111.59M;0.97%
08/31/2020;31.8;218.90M;-0.59%
08/28/2020;31.99;192.20M;3.29%
08/27/2020;30.97;118.30M;0.78%
08/26/2020;30.73;190.69M;-3.00%
08/25/2020;31.68;125.49M;-0.38%
08/24/2020;31.8;106.38M;-0.38%
08/21/2020;31.92;122.17M;-0.19%
08/20/2020;31.98;156.65M;-2.17%
08/19/2020;32.69;223.89M;-1.36%
08/18/2020;33.14;239.35M;0.52%
08/17/2020;32.97;383.54M;5.10%
08/14/2020;31.37;144.40M;1.55%
08/13/2020;30.89;163.01M;-0.64%
8/12/2020;31.09;271.68M;-0.70%
8/11/2020;31.31;377.80M;-5.72%
8/10/2020;33.21;537.31M;3.91%
8/7/2020;31.96;486.62M;-0.37%
8/6/2020;32.08;372.58M;7.26%
8/5/2020;29.91;160.86M;-1.03%
8/4/2020;30.22;179.26M;-0.62%
8/3/2020;30.41;229.14M;1.50%
07/31/2020;29.96;225.61M;1.35%
07/30/2020;29.56;194.33M;-0.71%
07/29/2020;29.77;277.64M;4.82%
07/28/2020;28.4;145.54M;-0.35%
07/27/2020;28.5;185.00M;0.00%
07/24/2020;28.5;344.24M;-6.68%
07/23/2020;30.54;281.30M;0.13%
07/22/2020;30.5;346.07M;0.56%
07/21/2020;30.33;222.37M;-1.04%
07/20/2020;30.65;379.10M;7.09%
07/17/2020;28.62;369.12M;-2.39%
07/16/2020;29.32;530.57M;-8.38%
07/15/2020;32;457.12M;-0.09%
07/14/2020;32.03;324.73M;-1.39%
07/13/2020;32.48;473.63M;2.23%
7/10/2020;31.77;432.79M;-3.96%
7/9/2020;33.08;558.54M;-1.25%
7/8/2020;33.5;690.48M;7.61%
7/7/2020;31.13;747.45M;-1.30%
7/6/2020;31.54;807.33M;10.01%
7/3/2020;28.67;725.08M;10.02%
7/2/2020;26.06;464.12M;5.42%
7/1/2020;24.72;184.23M;2.53%
06/30/2020;24.11;159.98M;2.60%
06/29/2020;23.5;151.63M;-3.09%
06/24/2020;24.25;128.69M;0.87%
06/23/2020;24.04;141.66M;-0.29%
06/22/2020;24.11;285.62M;1.09%
06/19/2020;23.85;277.01M;3.34%
06/18/2020;23.08;102.18M;1.36%
06/17/2020;22.77;60.08M;-0.39%
06/16/2020;22.86;63.81M;1.20%
06/15/2020;22.59;100.46M;-0.09%
6/12/2020;22.61;84.22M;-0.79%
6/11/2020;22.79;85.08M;-1.17%
6/10/2020;23.06;58.15M;-0.99%
6/9/2020;23.29;113.13M;1.39%
6/8/2020;22.97;83.98M;0.57%
6/5/2020;22.84;74.82M;0.35%
6/4/2020;22.76;59.28M;-0.61%
6/3/2020;22.9;80.75M;-0.52%
6/2/2020;23.02;82.85M;-0.52%
6/1/2020;23.14;161.86M;3.91%
05/29/2020;22.27;46.56M;-0.93%
05/28/2020;22.48;69.95M;0.85%
05/27/2020;22.29;45.56M;-0.80%
05/26/2020;22.47;54.69M;1.17%
05/25/2020;22.21;59.00M;-0.40%
05/22/2020;22.3;98.19M;-3.13%
05/21/2020;23.02;54.84M;-0.30%
05/20/2020;23.09;66.66M;-0.52%
05/19/2020;23.21;56.51M;0.56%
05/18/2020;23.08;88.92M;-1.54%
05/15/2020;23.44;54.86M;0.00%
05/14/2020;23.44;65.44M;-1.26%
05/13/2020;23.74;64.03M;0.47%
5/12/2020;23.63;65.10M;0.25%
5/11/2020;23.57;95.83M;-1.05%
5/8/2020;23.82;152.78M;1.75%
5/7/2020;23.41;84.63M;-0.89%
5/6/2020;23.62;111.85M;-0.34%
04/30/2020;23.7;133.96M;1.33%
04/29/2020;23.39;79.99M;0.43%
04/28/2020;23.29;134.37M;2.01%
04/27/2020;22.83;61.52M;0.57%
04/24/2020;22.7;72.34M;-0.96%
04/23/2020;22.92;62.37M;-1.16%
04/22/2020;23.19;58.21M;0.09%
04/21/2020;23.17;90.79M;-1.36%
04/20/2020;23.49;80.36M;0.47%
04/17/2020;23.38;150.42M;-1.23%
04/16/2020;23.67;227.90M;2.82%
04/15/2020;23.02;151.89M;-0.82%
04/14/2020;23.21;195.68M;4.22%
04/13/2020;22.27;58.49M;-0.98%
4/10/2020;22.49;85.85M;-0.71%
4/9/2020;22.65;114.69M;0.44%
4/8/2020;22.55;75.76M;-0.13%
4/7/2020;22.58;124.12M;2.03%
4/3/2020;22.13;58.18M;-1.34%
4/2/2020;22.43;77.52M;1.49%
4/1/2020;22.1;66.67M;-0.27%
03/31/2020;22.16;63.83M;-0.49%
03/30/2020;22.27;80.41M;-1.33%
03/27/2020;22.57;90.58M;0.40%
03/26/2020;22.48;69.79M;-1.23%
03/25/2020;22.76;129.35M;2.02%
03/24/2020;22.31;118.82M;1.92%
03/23/2020;21.89;110.51M;-3.40%
03/20/2020;22.66;121.32M;1.34%
03/19/2020;22.36;200.79M;0.58%
03/18/2020;22.23;152.19M;-3.05%
03/17/2020;22.93;172.75M;1.15%
03/16/2020;22.67;205.79M;-5.30%
03/13/2020;23.94;227.36M;-0.17%
3/12/2020;23.98;169.64M;-1.48%
3/11/2020;24.34;179.07M;-2.87%
3/10/2020;25.06;264.46M;3.09%
3/9/2020;24.31;273.46M;-3.19%
3/6/2020;25.11;263.04M;-3.39%
3/5/2020;25.99;445.44M;2.61%
3/4/2020;25.33;276.08M;2.43%
3/3/2020;24.73;259.31M;1.02%
3/2/2020;24.48;254.38M;4.62%
02/28/2020;23.4;291.44M;-5.53%
02/27/2020;24.77;206.40M;0.24%
02/26/2020;24.71;288.16M;-1.98%
02/25/2020;25.21;328.10M;0.68%
02/24/2020;25.04;244.21M;-0.56%
02/21/2020;25.18;353.53M;-0.94%
02/20/2020;25.42;389.86M;5.92%
02/19/2020;24;208.34M;0.08%
02/18/2020;23.98;191.60M;-0.83%
02/17/2020;24.18;320.99M;5.22%
02/14/2020;22.98;202.76M;1.91%
02/13/2020;22.55;149.31M;-1.53%
2/12/2020;22.9;170.17M;0.93%
2/11/2020;22.69;176.34M;0.09%
2/10/2020;22.67;158.04M;0.58%
2/7/2020;22.54;183.64M;-0.40%
2/6/2020;22.63;247.84M;2.54%
2/5/2020;22.07;242.76M;1.56%
2/4/2020;21.73;348.56M;1.02%
2/3/2020;21.51;75.34M;-10.00%
01/23/2020;23.9;245.25M;-5.16%
01/22/2020;25.2;203.63M;0.12%
01/21/2020;25.17;169.18M;-2.29%
01/20/2020;25.76;140.82M;1.58%
01/17/2020;25.36;129.73M;1.00%
01/16/2020;25.11;103.84M;-0.83%
01/15/2020;25.32;114.08M;-0.94%
01/14/2020;25.56;175.92M;-1.58%
01/13/2020;25.97;189.51M;1.64%
1/10/2020;25.55;196.95M;0.43%
1/9/2020;25.44;163.56M;2.00%
1/8/2020;24.94;206.61M;-2.96%
1/7/2020;25.7;200.30M;1.50%
1/6/2020;25.32;230.40M;-0.24%
1/3/2020;25.38;183.80M;-0.43%
1/2/2020;25.49;357.74M;0.75%
12/31/2019;25.3;336.97M;-1.40%
12/30/2019;25.66;615.20M;9.99%
12/27/2019;23.33;170.28M;-1.77%
12/26/2019;23.75;118.20M;2.68%
12/25/2019;23.13;77.41M;-0.22%
12/24/2019;23.18;81.49M;0.56%
12/23/2019;23.05;141.57M;-2.25%
12/20/2019;23.58;138.81M;-0.72%
12/19/2019;23.75;106.18M;-0.21%
12/18/2019;23.8;171.60M;-0.29%
12/17/2019;23.87;274.18M;2.36%
12/16/2019;23.32;180.35M;1.39%
12/13/2019;23;255.69M;3.60%
12/12/2019;22.2;54.99M;-0.13%
12/11/2019;22.23;68.87M;0.09%
12/10/2019;22.21;54.48M;-0.18%
12/9/2019;22.25;69.63M;-0.58%
12/6/2019;22.38;105.91M;0.36%
12/5/2019;22.3;130.15M;2.43%
12/4/2019;21.77;44.53M;-0.37%
12/3/2019;21.85;62.07M;0.78%
12/2/2019;21.68;86.56M;1.26%
11/29/2019;21.41;49.33M;-0.46%
11/28/2019;21.51;32.07M;0.37%
11/27/2019;21.43;47.57M;-0.42%
11/26/2019;21.52;44.99M;-0.46%
11/25/2019;21.62;46.91M;0.60%
11/22/2019;21.49;65.11M;-0.69%
11/21/2019;21.64;49.19M;-0.37%
11/20/2019;21.72;70.47M;-1.94%
11/19/2019;22.15;65.42M;1.19%
11/18/2019;21.89;50.89M;0.83%
11/15/2019;21.71;56.75M;-0.87%
11/14/2019;21.9;43.66M;0.27%
11/13/2019;21.84;48.19M;-0.86%
11/12/2019;22.03;59.19M;0.14%
11/11/2019;22;73.07M;-1.87%
11/8/2019;22.42;97.97M;-1.28%
11/7/2019;22.71;84.68M;1.25%
11/6/2019;22.43;64.75M;-0.84%
11/5/2019;22.62;142.30M;1.62%
11/4/2019;22.26;74.92M;0.36%
11/1/2019;22.18;79.71M;2.21%
10/31/2019;21.7;74.33M;-0.78%
10/29/2019;21.87;69.27M;-2.15%
10/28/2019;22.35;75.08M;1.31%
10/25/2019;22.06;65.78M;0.96%
10/24/2019;21.85;55.34M;0.28%
10/23/2019;21.79;61.42M;-1.40%
10/22/2019;22.1;46.19M;1.14%
10/21/2019;21.85;73.64M;-0.68%
10/18/2019;22;78.36M;-2.31%
10/17/2019;22.52;41.03M;-0.18%
10/16/2019;22.56;63.02M;-0.57%
10/15/2019;22.69;74.58M;-1.73%
10/14/2019;23.09;144.21M;0.65%
10/11/2019;22.94;117.50M;2.46%
10/10/2019;22.39;64.53M;0.72%
10/9/2019;22.23;75.04M;-0.45%
10/8/2019;22.33;78.19M;-0.67%
09/30/2019;22.48;71.86M;-2.47%
09/27/2019;23.05;65.60M;1.45%
09/26/2019;22.72;90.04M;-0.61%
09/25/2019;22.86;66.46M;-0.44%
09/24/2019;22.96;101.60M;-0.04%
09/23/2019;22.97;115.08M;-1.59%
09/20/2019;23.34;114.40M;-1.06%
09/19/2019;23.59;77.90M;0.68%
09/18/2019;23.43;78.40M;-0.42%
09/17/2019;23.53;166.63M;-3.09%
09/16/2019;24.28;126.00M;-1.74%
9/12/2019;24.71;151.23M;1.31%
9/11/2019;24.39;201.60M;0.79%
9/10/2019;24.2;167.60M;-0.49%
9/9/2019;24.32;178.04M;0.70%
9/6/2019;24.15;155.60M;1.34%
9/5/2019;23.83;309.14M;2.14%
9/4/2019;23.33;160.96M;2.15%
9/3/2019;22.84;95.73M;0.31%
9/2/2019;22.77;121.14M;2.02%
08/30/2019;22.32;84.14M;0.31%
08/29/2019;22.25;63.63M;-0.76%
08/28/2019;22.42;72.31M;-1.54%
08/27/2019;22.77;135.50M;2.48%
08/26/2019;22.22;99.37M;-1.86%
08/23/2019;22.64;88.25M;-0.31%
08/22/2019;22.71;65.12M;0.31%
08/21/2019;22.64;77.13M;-0.53%
08/20/2019;22.76;131.38M;-1.60%
08/19/2019;23.13;247.36M;8.44%
08/16/2019;21.33;94.77M;0.61%
08/15/2019;21.2;71.97M;0.24%
08/14/2019;21.15;79.54M;0.38%
08/13/2019;21.07;50.64M;-1.27%
8/12/2019;21.34;107.82M;2.65%
8/9/2019;20.79;85.09M;-0.57%
8/8/2019;20.91;130.16M;2.00%
8/7/2019;20.5;99.20M;-1.68%
8/6/2019;20.85;164.12M;-0.43%
8/5/2019;20.94;140.57M;-3.55%
8/2/2019;21.71;111.48M;-5.28%
8/1/2019;22.92;80.97M;-1.33%
07/31/2019;23.23;63.37M;-0.77%
07/30/2019;23.41;100.20M;1.04%
07/29/2019;23.17;62.67M;-0.94%
07/26/2019;23.39;53.63M;0.00%
07/25/2019;23.39;64.38M;0.56%
07/24/2019;23.26;108.61M;1.71%
07/23/2019;22.87;50.16M;0.31%
07/22/2019;22.8;92.31M;-1.64%
07/19/2019;23.18;108.06M;2.02%
07/18/2019;22.72;86.78M;-1.60%
07/17/2019;23.09;120.65M;-1.45%
07/16/2019;23.43;78.01M;-1.10%
07/15/2019;23.69;150.24M;1.37%
7/12/2019;23.37;96.67M;0.82%
7/11/2019;23.18;123.75M;-0.09%
7/10/2019;23.2;78.65M;-0.13%
7/9/2019;23.23;95.72M;0.26%
7/8/2019;23.17;128.95M;-1.57%
7/5/2019;23.54;82.73M;-0.25%
7/4/2019;23.6;103.27M;0.73%
7/3/2019;23.43;168.06M;-2.98%
7/2/2019;24.15;118.55M;-0.94%
7/1/2019;24.38;251.01M;2.39%
06/28/2019;23.81;128.24M;-0.46%
06/27/2019;23.92;219.36M;2.71%
06/26/2019;23.29;121.72M;-0.81%
06/25/2019;23.48;224.80M;-0.51%
06/24/2019;23.6;195.55M;-0.30%
06/21/2019;23.67;317.86M;2.69%
06/20/2019;23.05;359.42M;6.96%
06/19/2019;21.55;256.77M;3.36%
06/18/2019;20.85;59.87M;0.58%
06/17/2019;20.73;65.29M;0.34%
06/14/2019;20.66;96.58M;-1.67%
06/13/2019;21.01;129.13M;0.96%
6/12/2019;20.81;125.36M;-1.33%
6/11/2019;21.09;221.74M;5.03%
6/10/2019;20.08;105.60M;0.05%
6/6/2019;20.07;89.59M;-1.28%
6/5/2019;20.33;114.42M;0.99%
6/4/2019;20.13;66.34M;-0.30%
6/3/2019;20.19;108.33M;0.30%
05/31/2019;20.13;57.37M;-0.40%
05/30/2019;20.21;95.17M;-1.65%
05/29/2019;20.55;90.00M;-0.19%
05/28/2019;20.59;122.31M;-0.19%
05/27/2019;20.63;166.69M;2.79%
05/24/2019;20.07;68.13M;0.10%
05/23/2019;20.05;101.23M;-0.45%
05/22/2019;20.14;80.80M;-0.44%
05/21/2019;20.23;127.06M;1.81%
05/20/2019;19.87;113.53M;1.17%
05/17/2019;19.64;141.41M;-2.92%
05/16/2019;20.23;91.37M;-0.34%
05/15/2019;20.3;135.99M;2.11%
05/14/2019;19.88;114.49M;-0.80%
05/13/2019;20.04;135.12M;-2.91%
5/10/2019;20.64;269.61M;4.35%
5/9/2019;19.78;165.34M;-2.42%
5/8/2019;20.27;146.28M;-2.31%
5/7/2019;20.75;213.47M;0.05%
5/6/2019;20.74;279.59M;-9.98%
04/30/2019;23.04;106.68M;0.09%
04/29/2019;23.02;177.26M;-2.42%
04/26/2019;23.59;144.93M;0.38%
04/25/2019;23.5;166.61M;-2.81%
04/24/2019;24.18;123.24M;0.96%
04/23/2019;23.95;162.57M;0.67%
04/22/2019;23.79;189.63M;-2.90%
04/19/2019;24.5;140.89M;0.91%
04/18/2019;24.28;106.35M;-0.33%
04/17/2019;24.36;137.85M;-0.57%
04/16/2019;24.5;235.53M;2.94%
04/15/2019;23.8;210.25M;-1.94%
4/12/2019;24.27;159.35M;-0.61%
4/11/2019;24.42;181.62M;-2.12%
4/10/2019;24.95;267.57M;-1.81%
4/9/2019;25.41;198.90M;0.40%
4/8/2019;25.31;290.39M;-2.65%
4/4/2019;26;275.01M;-0.61%
4/3/2019;26.16;390.69M;3.81%
4/2/2019;25.2;285.77M;-0.32%
4/1/2019;25.28;490.45M;2.02%
03/29/2019;24.78;423.36M;8.54%
03/28/2019;22.83;167.61M;-0.61%
03/27/2019;22.97;187.07M;0.26%
03/26/2019;22.91;257.21M;-3.33%
03/25/2019;23.7;252.53M;-4.44%
03/22/2019;24.8;204.32M;-0.40%
03/21/2019;24.9;356.32M;1.38%
03/20/2019;24.56;258.90M;1.36%
03/19/2019;24.23;215.24M;-1.62%
03/18/2019;24.63;299.43M;3.44%
03/15/2019;23.81;246.46M;1.88%
03/14/2019;23.37;283.35M;-2.30%
03/13/2019;23.92;299.91M;-3.08%
3/12/2019;24.68;431.04M;2.45%
3/11/2019;24.09;379.15M;0.04%
3/8/2019;24.08;632.81M;-10.01%
3/7/2019;26.76;621.75M;0.22%
3/6/2019;26.7;556.60M;7.66%
3/5/2019;24.8;314.83M;1.27%
3/4/2019;24.49;508.34M;0.12%
3/1/2019;24.46;394.37M;4.04%
02/28/2019;23.51;298.49M;-2.25%
02/27/2019;24.05;456.79M;-1.84%
02/26/2019;24.5;587.40M;-0.69%
02/25/2019;24.67;491.34M;9.99%
02/22/2019;22.43;393.08M;10.00%
02/21/2019;20.39;232.68M;1.54%
02/20/2019;20.08;135.14M;1.52%
02/19/2019;19.78;212.07M;-0.20%
02/18/2019;19.82;222.97M;6.33%
02/15/2019;18.64;160.79M;-3.42%
02/14/2019;19.3;91.64M;-0.97%
02/13/2019;19.49;143.11M;2.74%
2/12/2019;18.97;88.04M;0.58%
2/11/2019;18.86;83.71M;1.51%
2/1/2019;18.58;104.83M;1.75%
01/31/2019;18.26;92.51M;1.78%
01/30/2019;17.94;48.76M;-0.88%
01/29/2019;18.1;76.91M;0.56%
01/28/2019;18;100.75M;-0.22%
01/25/2019;18.04;113.20M;0.84%
01/24/2019;17.89;115.76M;2.11%
01/23/2019;17.52;51.94M;0.29%
01/22/2019;17.47;92.18M;-2.07%
01/21/2019;17.84;113.21M;-0.22%
01/18/2019;17.88;111.06M;1.82%
01/17/2019;17.56;88.33M;-0.45%
01/16/2019;17.64;110.44M;0.23%
01/15/2019;17.6;180.55M;3.53%
01/14/2019;17;86.11M;0.18%
1/11/2019;16.97;112.77M;1.01%
1/10/2019;16.8;218.68M;4.93%
12/24/2018;16.01;50.53M;-0.56%
12/21/2018;16.1;88.54M;-2.42%
12/20/2018;16.5;75.58M;0.49%
12/19/2018;16.42;53.94M;-1.38%
12/18/2018;16.65;74.81M;-1.94%
12/17/2018;16.98;54.18M;0.77%
12/14/2018;16.85;65.61M;-1.92%
12/13/2018;17.18;122.98M;1.24%
12/12/2018;16.97;55.19M;0.53%
12/11/2018;16.88;35.87M;0.66%
12/10/2018;16.77;69.55M;-1.64%
12/7/2018;17.05;51.23M;0.24%
12/6/2018;17.01;91.86M;-2.52%
12/5/2018;17.45;81.30M;-0.85%
12/4/2018;17.6;97.25M;0.92%
12/3/2018;17.44;186.67M;3.38%
11/30/2018;16.87;75.02M;1.44%
11/29/2018;16.63;96.64M;-2.23%
11/28/2018;17.01;105.40M;1.80%
11/27/2018;16.71;66.46M;0.84%
11/26/2018;16.57;67.24M;-0.18%
11/23/2018;16.6;109.01M;-2.58%
11/22/2018;17.04;95.34M;-0.58%
11/21/2018;17.14;149.90M;-1.32%
11/20/2018;17.37;177.74M;-3.87%
11/19/2018;18.07;255.36M;2.79%
11/16/2018;17.58;253.36M;1.03%
11/15/2018;17.4;161.75M;2.05%
11/14/2018;17.05;116.28M;-1.96%
11/13/2018;17.39;183.34M;1.52%
11/12/2018;17.13;93.39M;1.24%
11/9/2018;16.92;78.83M;-0.29%
11/8/2018;16.97;111.55M;-1.91%
11/7/2018;17.3;106.89M;-2.32%
11/6/2018;17.71;112.59M;0.00%
11/5/2018;17.71;108.94M;-0.45%
11/2/2018;17.79;174.24M;2.48%
11/1/2018;17.36;253.14M;1.17%
10/31/2018;17.16;145.24M;-0.81%
10/30/2018;17.3;225.26M;3.90%
10/29/2018;16.65;110.98M;-1.36%
10/26/2018;16.88;146.76M;-2.71%
10/25/2018;17.35;212.90M;2.48%
10/24/2018;16.93;251.93M;1.32%
10/23/2018;16.71;313.62M;-1.24%
10/22/2018;16.92;252.24M;10.01%
10/19/2018;15.38;116.59M;3.64%
10/18/2018;14.84;52.44M;-1.66%
10/17/2018;15.09;56.05M;1.28%
10/16/2018;14.9;49.13M;-0.80%
10/15/2018;15.02;51.22M;-1.25%
10/12/2018;15.21;80.04M;0.26%
10/11/2018;15.17;115.45M;-6.07%
10/10/2018;16.15;50.42M;0.69%
10/9/2018;16.04;50.09M;0.50%
10/8/2018;15.96;86.70M;-4.37%
09/28/2018;16.69;72.87M;0.97%
09/27/2018;16.53;61.89M;-0.18%
09/26/2018;16.56;97.31M;0.91%
09/25/2018;16.41;56.29M;-1.62%
09/21/2018;16.68;120.30M;3.35%
09/20/2018;16.14;58.92M;0.06%
09/19/2018;16.13;92.38M;1.45%
09/18/2018;15.9;48.21M;1.99%
09/17/2018;15.59;27.65M;-0.57%
09/14/2018;15.68;32.96M;-0.19%
09/13/2018;15.71;43.05M;1.22%
9/12/2018;15.52;31.35M;0.00%
9/11/2018;15.52;35.16M;0.65%
9/10/2018;15.42;62.12M;-2.96%
9/7/2018;15.89;45.85M;0.19%
9/6/2018;15.86;34.58M;-0.38%
9/5/2018;15.92;51.99M;-2.15%
9/4/2018;16.27;61.97M;1.12%
9/3/2018;16.09;38.76M;0.69%
08/31/2018;15.98;44.88M;0.25%
08/30/2018;15.94;34.54M;-0.81%
08/29/2018;16.07;48.49M;-0.86%
08/28/2018;16.21;50.57M;-0.73%
08/27/2018;16.33;87.36M;2.06%
08/24/2018;16;66.10M;-1.72%
08/23/2018;16.28;64.39M;0.68%
08/22/2018;16.17;32.53M;0.06%
08/21/2018;16.16;63.10M;0.56%
08/20/2018;16.07;50.08M;2.03%
08/17/2018;15.75;53.20M;-1.25%
08/16/2018;15.95;71.13M;0.50%
08/15/2018;15.87;58.74M;-1.98%
08/14/2018;16.19;33.30M;-0.12%
08/13/2018;16.21;61.74M;-0.98%
8/10/2018;16.37;42.93M;-0.06%
8/9/2018;16.38;74.61M;2.18%
8/8/2018;16.03;57.41M;-2.14%
8/7/2018;16.38;76.85M;2.95%
8/6/2018;15.91;65.33M;-0.69%
8/3/2018;16.02;47.07M;-0.62%
8/2/2018;16.12;80.56M;-2.66%
8/1/2018;16.56;73.61M;-1.78%
07/31/2018;16.86;53.63M;-0.65%
07/30/2018;16.97;57.40M;0.77%
07/27/2018;16.84;56.77M;-0.47%
07/26/2018;16.92;89.02M;-2.03%
07/25/2018;17.27;59.52M;-0.29%
07/24/2018;17.32;150.54M;1.05%
07/23/2018;17.14;123.43M;1.84%
07/20/2018;16.83;148.35M;3.57%
07/19/2018;16.25;58.19M;0.37%
07/18/2018;16.19;59.81M;-0.86%
07/17/2018;16.33;58.09M;-1.15%
07/16/2018;16.52;47.18M;-0.48%
07/13/2018;16.6;50.22M;0.12%
7/12/2018;16.58;93.16M;3.11%
7/11/2018;16.08;67.25M;-2.66%
7/10/2018;16.52;54.61M;0.06%
7/9/2018;16.51;73.77M;2.10%
7/6/2018;16.17;101.89M;0.94%
7/5/2018;16.02;54.32M;-0.44%
7/4/2018;16.09;50.90M;-1.41%
7/3/2018;16.32;75.91M;1.75%
7/2/2018;16.04;88.29M;-3.20%
06/29/2018;16.57;76.43M;2.54%
06/28/2018;16.16;86.76M;0.75%
06/27/2018;16.04;61.15M;-1.96%
06/26/2018;16.36;68.94M;1.24%
06/25/2018;16.16;64.09M;-2.30%
06/22/2018;16.54;64.97M;1.60%
06/21/2018;16.28;121.46M;-4.68%
06/20/2018;17.08;95.00M;-0.99%
06/19/2018;17.25;160.45M;-6.40%
06/15/2018;18.43;66.04M;-1.29%
06/14/2018;18.67;47.91M;0.65%
06/13/2018;18.55;45.61M;-1.43%
6/12/2018;18.82;52.70M;0.64%
6/11/2018;18.7;53.77M;0.59%
6/8/2018;18.59;87.31M;-2.16%
6/7/2018;19;125.57M;1.60%
6/6/2018;18.7;52.48M;-0.37%
6/5/2018;18.77;56.09M;0.43%
6/4/2018;18.69;53.96M;0.65%
6/1/2018;18.57;77.94M;-0.38%
05/31/2018;18.64;87.21M;2.87%
05/30/2018;18.12;104.45M;-3.97%
05/29/2018;18.87;82.18M;-1.97%
05/28/2018;19.25;63.24M;1.00%
05/25/2018;19.06;66.57M;-1.60%
05/24/2018;19.37;63.03M;-0.72%
05/23/2018;19.51;75.08M;-0.96%
05/22/2018;19.7;77.29M;-0.56%
05/21/2018;19.81;114.28M;0.41%
05/18/2018;19.73;95.71M;2.49%
05/17/2018;19.25;67.52M;-1.38%
05/16/2018;19.52;72.60M;-1.51%
05/15/2018;19.82;78.46M;-0.25%
05/14/2018;19.87;115.22M;1.95%
5/11/2018;19.49;81.64M;-1.76%
5/10/2018;19.84;91.97M;0.46%
5/9/2018;19.75;81.77M;-0.95%
5/8/2018;19.94;130.40M;1.58%
5/7/2018;19.63;101.81M;1.34%
5/4/2018;19.37;91.50M;-1.12%
5/3/2018;19.59;152.93M;2.35%
5/2/2018;19.14;93.55M;0.79%
04/27/2018;18.99;90.46M;1.33%
04/26/2018;18.74;89.66M;-2.09%
04/25/2018;19.14;82.39M;-0.52%
04/24/2018;19.24;153.52M;3.83%
04/23/2018;18.53;75.62M;1.37%
04/20/2018;18.28;104.73M;-3.84%
04/19/2018;19.01;105.98M;1.17%
04/18/2018;18.79;119.68M;2.06%
04/17/2018;18.41;114.52M;0.11%
04/16/2018;18.39;123.28M;-2.80%
04/13/2018;18.92;93.05M;-0.99%
4/12/2018;19.11;118.14M;-1.75%
4/11/2018;19.45;149.30M;-1.47%
4/10/2018;19.74;188.59M;2.07%
4/9/2018;19.34;136.41M;1.74%
4/4/2018;19.01;149.82M;-1.04%
4/3/2018;19.21;177.73M;1.48%
4/2/2018;18.93;196.71M;1.88%
03/30/2018;18.58;130.27M;1.47%
03/29/2018;18.31;144.45M;2.52%
03/28/2018;17.86;102.76M;-2.51%
03/27/2018;18.32;118.53M;1.66%
03/26/2018;18.02;110.59M;1.81%
03/23/2018;17.7;210.43M;-5.65%
03/22/2018;18.76;150.91M;1.41%
03/21/2018;18.5;150.35M;-0.96%
03/20/2018;18.68;91.69M;0.76%
03/19/2018;18.54;94.00M;1.09%
03/16/2018;18.34;104.00M;-2.45%
03/15/2018;18.8;77.73M;0.53%
03/14/2018;18.7;88.58M;-1.32%
03/13/2018;18.95;109.70M;-1.81%
3/12/2018;19.3;191.37M;2.33%
3/9/2018;18.86;167.36M;2.56%
3/8/2018;18.39;79.78M;0.66%
3/7/2018;18.27;127.52M;-0.81%
3/6/2018;18.42;177.20M;3.08%
3/5/2018;17.87;69.48M;0.22%
3/2/2018;17.83;89.99M;-1.65%
3/1/2018;18.13;111.58M;0.11%
02/28/2018;18.11;158.57M;-0.77%
02/27/2018;18.25;155.04M;-2.14%
02/26/2018;18.65;211.99M;2.53%
02/23/2018;18.19;158.50M;1.00%
02/22/2018;18.01;156.02M;2.16%
02/14/2018;17.63;103.69M;0.06%
02/13/2018;17.62;203.54M;1.67%
2/12/2018;17.33;161.97M;-0.12%
2/9/2018;17.35;347.83M;-9.82%
2/8/2018;19.24;184.74M;-1.59%
2/7/2018;19.55;267.96M;-4.87%
2/6/2018;20.55;336.47M;-5.69%
2/5/2018;21.79;220.89M;1.25%
2/2/2018;21.52;201.00M;0.09%
2/1/2018;21.5;278.68M;0.99%
01/31/2018;21.29;247.25M;-1.57%
01/30/2018;21.63;245.15M;-2.17%
01/29/2018;22.11;264.48M;-1.03%
01/26/2018;22.34;252.00M;0.04%
01/25/2018;22.33;317.33M;-2.57%
01/24/2018;22.92;507.09M;8.06%
01/23/2018;21.21;335.66M;0.05%
01/22/2018;21.2;181.00M;-0.42%
01/19/2018;21.29;363.02M;-0.56%
01/18/2018;21.41;295.67M;2.24%
01/17/2018;20.94;497.89M;3.41%
01/16/2018;20.25;233.07M;4.11%
01/15/2018;19.45;224.14M;0.62%
1/12/2018;19.33;104.60M;0.26%
1/11/2018;19.28;113.38M;-1.68%
1/10/2018;19.61;150.26M;0.87%
1/9/2018;19.44;143.92M;-0.51%
1/8/2018;19.54;248.97M;3.50%
1/5/2018;18.88;172.88M;1.12%
1/4/2018;18.67;114.79M;0.32%
1/3/2018;18.61;151.97M;0.92%
1/2/2018;18.44;139.33M;1.88%
